supplier_norm,n_payments,total_gbp,dominant_tag,n_tags,spans_tags,supplier,top_narrative,top_service,annualised estimate
VOLKERHIGHWAYS,126,7377922.21,general_procurement,1,False,VolkerHighways Ltd,Payment to contractor,Environment,29511688.84
VEOLIA ES WEST BERKSHIRE,3,6186065.04,general_procurement,1,False,VEOLIA ES WEST BERKSHIRE LTD (CHAPS ONLY),Private Contractors,Environment,24744260.16
MILLBROOK HEALTHCARE,4,3459365.35,general_procurement,1,False,Millbrook Healthcare Limited,Private Contractors,"Finance, Property & Procurement",13837461.4
BUPA CARE SERVICES,370,1874166.5,care_or_education_placement,1,False,BUPA Care Services,Private Contractors,Adult Social Care,7496666.0
COMENSURA,14,1275552.15,agency_staff,1,False,Comensura Ltd,Agency & Temporary Staff,Strategy & Governance,5102208.6
AFFINITY TRUST SUPPORT,263,1098336.76,care_or_education_placement,1,False,Affinity Trust Support Ltd,Private Contractors,Adult Social Care,4393347.04
OAKLANDS SEN SCHOOL BERKSHIRE,54,1026661.89,care_or_education_placement,1,False,Oaklands SEN School Berkshire Limited,Other agencies,Education (DSG Funded) & Other Education Grants,4106647.56
RUSKIN MILL TRUST,9,795197.64,care_or_education_placement,1,False,RUSKIN MILL TRUST,Voluntary Associations,Adult Social Care,3180790.56
AMEGREEN CHILDRENS SERVICES,27,750437.3300000001,care_or_education_placement,1,False,Amegreen Childrens Services,Private Contractors,Children's Social Care,3001749.3200000003
BRIGHTER LIVING CARE,74,747183.47,care_or_education_placement,1,False,Brighter Living Care Ltd,Private Contractors,Adult Social Care,2988733.88
SUKHBIR SINGH AND HARVINDER SINGH,26,639381.6,care_or_education_placement,1,False,Sukhbir Singh and Harvinder Singh T/A Calcot Services for Children (CSFC),Private Contractors,Children's Social Care,2557526.4
WE ARE CARE COMPANY,349,589012.3099999999,care_or_education_placement,1,False,We Are The Care Company Ltd,Private Contractors,Adult Social Care,2356049.2399999998
BETTER GROUP,26,588490.08,general_procurement,1,False,The Better Group Ltd,Payment to contractor,Adult Social Care,2353960.32
GCH,109,571361.01,care_or_education_placement,1,False,GCH (Alder) Ltd t/a Hungerford Care Home,Private Contractors,Adult Social Care,2285444.04
PHOENIX CHILD CARE GRANGE SCHOOL,25,567708.85,care_or_education_placement,1,False,Phoenix Child Care Limited -The Grange School,Other agencies,Education (DSG Funded) & Other Education Grants,2270835.4
VOYAGE CARE,80,554678.88,care_or_education_placement,1,False,VOYAGE CARE,Private Contractors,Adult Social Care,2218715.52
SOFTWAREONE,4,522978.62,general_procurement,1,False,SoftwareONE UK Ltd,IT,"Transformation, Customer & ICT",2091914.48
LIVITY LIFE,9,513074.85,general_procurement,1,False,Livity Life Ltd,Private Contractors,"Finance, Property & Procurement",2052299.4
WEST BERKSHIRE MENCAP,115,505286.21,care_or_education_placement,2,True,WEST BERKSHIRE MENCAP,Voluntary Associations,Adult Social Care,2021144.84
PURLEY PARK TRUST,94,471283.82,care_or_education_placement,1,False,PURLEY PARK TRUST LTD,Voluntary Associations,Adult Social Care,1885135.28
ACORN CARE AND EDUCATION,19,462897.76,care_or_education_placement,1,False,ACORN CARE & EDUCATION LTD,Other agencies,Education (DSG Funded) & Other Education Grants,1851591.04
JUBILEE DAY NURSERY,3,408594.55,grant,1,False,JUBILEE DAY NURSERY,Grants,Education (DSG Funded) & Other Education Grants,1634378.2
NEWBURY AND DISTRICT,23,388779.88,general_procurement,1,False,Newbury & District Ltd,Public Transport,Environment,1555119.52
E W BEARD,20,382652.7,general_procurement,1,False,E W BEARD LTD,Payment to contractor,Education & SEND,1530610.8
CAMINO CARE,4,370095.54000000004,care_or_education_placement,1,False,Camino Care,Private Contractors,Children's Social Care,1480382.1600000001
SM VOICE ADVOCACY,62,347137.12,care_or_education_placement,1,False,SM Voice Advocacy Limited,Private Contractors,Adult Social Care,1388548.48
ABI SUPPORT,147,343415.58999999997,care_or_education_placement,1,False,Abi-support Ltd,Private Contractors,Adult Social Care,1373662.3599999999
CARE SERVICES TO YOU,14,335856.78,care_or_education_placement,1,False,Care Services To You,Private Contractors,Children's Social Care,1343427.12
JOHAV CARE SUPPORT HEALTHCARE,54,332659.28,care_or_education_placement,1,False,Johav Care support Healthcare Limited,Private Contractors,Adult Social Care,1330637.12
ASCIA CONSTRUCTION,1,332579.29,general_procurement,1,False,ASCIA CONSTRUCTION LIMITED,Payment to contractor,Education & SEND,1330317.16
DIMENSIONS,66,332203.21,care_or_education_placement,2,True,DIMENSIONS (NSO) LTD,Private Contractors,Adult Social Care,1328812.84
CHANGING LIVES CARE GROUP,6,331599.99,care_or_education_placement,1,False,Changing Lives Care Group Ltd,Private Contractors,Children's Social Care,1326399.96
ACRES OF FUN DAY NURSERY AND PRE SCHOOL,1,323872.96,grant,1,False,ACRES OF FUN DAY NURSERY AND PRE SCHOOL,Grants,Education (DSG Funded) & Other Education Grants,1295491.84
ROCKING HORSE DAY NURSERY NEWBURY RACECOURSE,2,320463.5,grant,1,False,ROCKING HORSE DAY NURSERY - NEWBURY RACECOURSE PLC,Grants,Education (DSG Funded) & Other Education Grants,1281854.0
NEC SOFTWARE SOLUTIONS,10,314383.57,general_procurement,1,False,NEC SOFTWARE SOLUTIONS UK LIMITED,IT,"Finance, Property & Procurement",1257534.28
CAMBIAN AUTISM SERVICES,15,310109.53,care_or_education_placement,1,False,CAMBIAN AUTISM SERVICES LIMITED,Other agencies,Education (DSG Funded) & Other Education Grants,1240438.12
FOCUS SUPPORT,30,302627.43,care_or_education_placement,1,False,FOCUS SUPPORT LTD,Private Contractors,Adult Social Care,1210509.72
TRANSPARENT CARE,50,300764.85,care_or_education_placement,1,False,Transparent Care Ltd,Private Contractors,Adult Social Care,1203059.4
SLOUGH BOROUGH COUNCIL,1,296177.15,general_procurement,1,False,SLOUGH BOROUGH COUNCIL,Private Contractors,"Finance, Property & Procurement",1184708.6
CARE COMMUNITY PARTNERSHIPS,53,293507.99,care_or_education_placement,1,False,CARE UK Community Partnerships Ltd,Private Contractors,Adult Social Care,1174031.96
SPRING VALLEY CHILDREN S CARE HOMES,10,293202.85,care_or_education_placement,1,False,Spring Valley Children's Care Homes ltd,Private Contractors,Children's Social Care,1172811.4
ENGAGING POTENTIAL,1,272549.17,care_or_education_placement,1,False,Engaging Potential Ltd,Other agencies,Education (DSG Funded) & Other Education Grants,1090196.68
CREATIVE SUPPORT,63,265867.7,care_or_education_placement,2,True,CREATIVE SUPPORT,Private Contractors,Adult Social Care,1063470.8
TIGERS DAY NURSERY,4,244339.25,grant,2,True,TIGERS DAY NURSERY,Grants,Education (DSG Funded) & Other Education Grants,977357.0
CHOICE,21,242457.06,care_or_education_placement,1,False,Choice LTD,Private Contractors,Adult Social Care,969828.24
TIGERS AT THEALE DAY NURSERY,2,240745.51,grant,1,False,Tigers at Theale Day Nursery,Grants,Education (DSG Funded) & Other Education Grants,962982.04
BROOKFIELDS SCHOOL,1,236744.0,grant,1,False,BROOKFIELDS SCHOOL,Grants,Education (DSG Funded) & Other Education Grants,946976.0
THINKEMPATHY,31,230324.68,care_or_education_placement,1,False,Thinkempathy,Private Contractors,Adult Social Care,921298.72
WOODLANDS DAY NURSERY,2,221334.09,grant,1,False,WOODLANDS DAY NURSERY,Grants,Education (DSG Funded) & Other Education Grants,885336.36
SUPERCARE RESIDENTIAL,4,217857.14,care_or_education_placement,1,False,Supercare Residential Ltd,Private Contractors,Children's Social Care,871428.56
BLEEP 360 CARE,9,214048.91999999998,care_or_education_placement,1,False,Bleep 360 Care Limited,Private Contractors,Adult Social Care,856195.6799999999
TWO SAINTS,7,213288.44999999998,general_procurement,1,False,TWO SAINTS LTD,Private Contractors,Development & Housing,853153.7999999999
UNITED DOMCILIARY AND SUPPORT SERVICES,38,210194.24,care_or_education_placement,1,False,UNITED DOMCILIARY AND SUPPORT SERVICES,Private Contractors,Adult Social Care,840776.96
ADDRESS ENTERPRISE,113,204775.82,care_or_education_placement,1,False,Address Enterprise Ltd,Private Contractors,Adult Social Care,819103.28
CYGNET CARE SERVICES,24,204622.43,care_or_education_placement,1,False,Cygnet Care Services Ltd,Private Contractors,Adult Social Care,818489.72
JUBILEE GEMS,1,204360.24,grant,1,False,JUBILEE GEMS,Grants,Education (DSG Funded) & Other Education Grants,817440.96
PURESOUL CARE,142,203589.24,care_or_education_placement,1,False,PureSoul Care Ltd,Private Contractors,Adult Social Care,814356.96
MARY HARE SCHOOL,14,201697.0,care_or_education_placement,1,False,MARY HARE SCHOOL,Other agencies,Education (DSG Funded) & Other Education Grants,806788.0
LIAISE LODDON,17,200171.96,care_or_education_placement,1,False,LIAISE LODDON LTD,Private Contractors,Adult Social Care,800687.84
ENIRO CARE,115,195609.88,care_or_education_placement,1,False,Eniro Care Ltd,Private Contractors,Adult Social Care,782439.52
HEART AND HOME LIVING,3,194740.0,care_or_education_placement,1,False,Heart and Home Living Ltd.,Private Contractors,Children's Social Care,778960.0
LITTLE ME DAY NURSERY,1,190678.01,grant,1,False,LITTLE ME DAY NURSERY,Grants,Education (DSG Funded) & Other Education Grants,762712.04
SIKANDAR HAYAT,40,187250.5,general_procurement,1,False,Sikandar Hayat t/a Prompt Cars,Transport Hire,Education & SEND,749002.0
ARCH FUTURES,6,177849.59999999998,care_or_education_placement,1,False,Arch Futures,Private Contractors,Adult Social Care,711398.3999999999
POSITIVE FOOTSTEPS,6,173220.0,care_or_education_placement,1,False,POSITIVE FOOTSTEPS,Private Contractors,Children's Social Care,692880.0
ACHIEVE TOGETHER,18,172385.16,care_or_education_placement,1,False,Achieve Together Limited,Private Contractors,Adult Social Care,689540.64
FIDELITY HEALTHCARE,39,172168.19,care_or_education_placement,1,False,Fidelity Healthcare Ltd t/a Marlborough Lodge Care Home,Private Contractors,Adult Social Care,688672.76
CEDAR HOPE CARE SERVICES,30,171656.19,care_or_education_placement,1,False,Cedar Hope Care Services Ltd,Private Contractors,Adult Social Care,686624.76
ANDY AND ES,3,171158.85,general_procurement,1,False,ANDY AND ES LIMITED,Payment to contractor,Education & SEND,684635.4
GRACEWELL HEALTHCARE,26,170962.33,care_or_education_placement,1,False,Gracewell Healthcare Ltd,Private Contractors,Adult Social Care,683849.32
JUST LEARNING TA BUSY BEES NEWBURY,2,169624.35,grant,1,False,JUST LEARNING LTD/TA BUSY BEES@NEWBURY,Grants,Education (DSG Funded) & Other Education Grants,678497.4
WEAVAWAY TRAVEL,45,169351.6,general_procurement,1,False,WEAVAWAY TRAVEL LTD,Transport Hire,Education & SEND,677406.4
FD TRAVELS,70,165324.47,general_procurement,1,False,FD TRAVELS LIMITED T/A SCHOOL EXPRESS,Transport Hire,Education & SEND,661297.88
PARKVIEW CARE,4,164912.12,care_or_education_placement,1,False,Parkview Care (Broadstairs) Limited,Private Contractors,Children's Social Care,659648.48
ENRICHED CARE SUPPORT SERVICES,41,163424.21,care_or_education_placement,1,False,Enriched Care Support Services Ltd,Private Contractors,Adult Social Care,653696.84
ELIOR,9,161415.59,general_procurement,1,False,Elior UK PLC,Catering,Adult Social Care,645662.36
BROADMEAD RESTHOME,24,161353.42,care_or_education_placement,1,False,BROADMEAD RESTHOME LTD,Private Contractors,Adult Social Care,645413.68
COMFORT HARMONY CARE,89,159139.72,care_or_education_placement,1,False,Comfort Harmony Care Ltd,Private Contractors,Adult Social Care,636558.88
BRIGHTER BEGINNINGS,3,158108.59,care_or_education_placement,1,False,Brighter Beginnings Ltd.,Private Contractors,Children's Social Care,632434.36
NOUBLES HEALTHCARE,109,156580.61,care_or_education_placement,1,False,Noubles Healthcare Ltd,Private Contractors,Adult Social Care,626322.44
ALL CARE,166,156050.59,care_or_education_placement,1,False,All-Care (GB) Ltd,Private Contractors,Adult Social Care,624202.36
DOWNVIEW RESIDENTIAL HOME,27,155202.92,care_or_education_placement,1,False,DOWNVIEW RESIDENTIAL HOME LIMITED,Private Contractors,Adult Social Care,620811.68
NEXT STEP SERVICES,44,151581.82,care_or_education_placement,1,False,Next Step Services,Private Contractors,Children's Social Care,606327.28
QUACKERS DAY NURSERY,1,149005.08,grant,1,False,QUACKERS DAY NURSERY,Grants,Education (DSG Funded) & Other Education Grants,596020.32
VALUED CARE SUPPORTED LIVING,34,145597.89,care_or_education_placement,1,False,Valued Care Supported Living,Private Contractors,Adult Social Care,582391.56
BBOWT,3,144317.43,general_procurement,1,False,BBOWT,Contributions,Environment,577269.72
HUCKLEBERRY HOUSE,5,144118.39,care_or_education_placement,1,False,Huckleberry House,Other agencies,Education (DSG Funded) & Other Education Grants,576473.56
CARE OUTLOOK,97,141432.71,care_or_education_placement,1,False,Care Outlook Ltd,Private Contractors,Adult Social Care,565730.84
PASKAY,3,140375.08000000002,grant,1,False,PASKAY LIMITED,Grants,Education (DSG Funded) & Other Education Grants,561500.3200000001
UTOPIA SUPPORTED HOUSING,10,140196.02,care_or_education_placement,1,False,Utopia Supported Housing Ltd,Private Contractors,Children's Social Care,560784.08
A2 DOMINION,2,136612.06,premises_non_procurement,2,True,A2 Dominion,Rents,Adult Social Care,546448.24
RADIANT CARE HOMES,12,135372.14,care_or_education_placement,1,False,Radiant Care Homes Ltd.,Private Contractors,Children's Social Care,541488.56
FLEDGLINGS DAY NURSERY,3,134007.39,grant,1,False,FLEDGLINGS DAY NURSERY T/A FLEDGLINGS LODGE,Grants,Education (DSG Funded) & Other Education Grants,536029.56
BRAMLEY CARE,6,133672.24,care_or_education_placement,1,False,Bramley Care Ltd,Private Contractors,Children's Social Care,534688.96
MYRTLE TREE HOLDINGS,2,133517.82,grant,1,False,MYRTLE TREE HOLDINGS LTD T/A AUDLEN HOUSE DAY NURSERY (THATCHAM),Grants,Education (DSG Funded) & Other Education Grants,534071.28
FIVE RIVERS CHILD CARE,3,132695.28999999998,care_or_education_placement,1,False,five rivers child care ltd,Private Contractors,Children's Social Care,530781.1599999999
BROADWAY CARS,46,131938.93,general_procurement,1,False,BROADWAY CARS,Transport Hire,Education & SEND,527755.72
SPRINGBURN CHILDCARE,1,131272.82,grant,1,False,SPRINGBURN CHILDCARE LTD,Grants,Education (DSG Funded) & Other Education Grants,525091.28
OPTALIS,23,130591.76,care_or_education_placement,1,False,OPTALIS LTD,Private Contractors,Adult Social Care,522367.04
BRACKNELL FOREST BOROUGH CNCL,1,130310.57,general_procurement,1,False,BRACKNELL FOREST BOROUGH CNCL,Private Contractors,"Finance, Property & Procurement",521242.28
PLATFORM CARE SERVICES,53,129431.36,care_or_education_placement,1,False,Platform Care Services Ltd,Private Contractors,Adult Social Care,517725.44
HARMONIA HOUSE,3,129072.0,care_or_education_placement,1,False,Harmonia House Ltd.,Private Contractors,Children's Social Care,516288.0
ST GABRIELS SCHOOL,7,127948.37,grant,2,True,ST GABRIELS SCHOOL,Grants,Education (DSG Funded) & Other Education Grants,511793.48
ANCHOR PIPEWORK,36,127841.41,general_procurement,1,False,ANCHOR PIPEWORK LIMITED,Payment to contractor,"Finance, Property & Procurement",511365.64
SILVER BIRCH CARE HOLDINGS,8,127014.56,care_or_education_placement,1,False,Silver Birch Care Holdings,Private Contractors,Children's Social Care,508058.24
JACARANDA SUPPORTED LIVING,30,126918.38,care_or_education_placement,1,False,Jacaranda Supported Living,Private Contractors,Adult Social Care,507673.52
FORBURY GARDENS DAY NURSERY,2,126637.46,grant,1,False,FORBURY GARDENS DAY NURSERY LTD,Grants,Education (DSG Funded) & Other Education Grants,506549.84
EARLY RISE CARE,1,126091.62,care_or_education_placement,1,False,Early Rise Care Ltd.,Private Contractors,Children's Social Care,504366.48
RESICARE ALLIANCE,3,121571.44,care_or_education_placement,1,False,Resicare Alliance Limited,Private Contractors,Children's Social Care,486285.76
WOKINGHAM BOROUGH COUNCIL,2,119521.23999999999,general_procurement,1,False,WOKINGHAM BOROUGH COUNCIL,Private Contractors,"Finance, Property & Procurement",478084.95999999996
KPMG,3,119155.0,general_procurement,1,False,KPMG,External audit costs,Executive Director - Resources,476620.0
RESPONSE ORGANISATION,44,117254.17,care_or_education_placement,1,False,RESPONSE ORGANISATION,Voluntary Associations,Adult Social Care,469016.68
UNICORN SCHOOL,10,116380.77,care_or_education_placement,1,False,The Unicorn School,Other agencies,Education (DSG Funded) & Other Education Grants,465523.08
AMMA CHILDCARE SERVICES,4,116000.0,care_or_education_placement,1,False,AMMA Childcare Services Ltd.,Private Contractors,Children's Social Care,464000.0
I V CARE,72,113551.91,care_or_education_placement,1,False,I.V Care Limited t/a Good Oaks Home Care (Reading),Private Contractors,Adult Social Care,454207.64
GOLDCREST CARE SERVICES,76,113416.91,care_or_education_placement,1,False,Goldcrest Care Services,Private Contractors,Adult Social Care,453667.64
POTENSIAL,23,111914.99,care_or_education_placement,1,False,Potensial Limited,Private Contractors,Adult Social Care,447659.96
CAMBIAN SIGN POST,6,111739.04000000001,care_or_education_placement,1,False,Cambian Sign Post Ltd,Private Contractors,Adult Social Care,446956.16000000003
BERKS FOODBANK,3,111340.0,grant,1,False,BERKS FOODBANK,Grants,Development & Housing,445360.0
TOP CLASS QUALITY SERVICES,22,110806.8,care_or_education_placement,1,False,Top Class Quality Services Ltd,Private Contractors,Adult Social Care,443227.2
SCOTTISH AND SOUTHERN,2,110760.98000000001,general_procurement,1,False,SCOTTISH & SOUTHERN,Payment to contractor,Environment,443043.92000000004
EDUCATION SOFTWARE SOLUTIONS,2,110330.35,general_procurement,1,False,Education Software Solutions Limited,IT,"Transformation, Customer & ICT",441321.4
PBT SOCIAL CARE,4,109511.86,care_or_education_placement,1,False,PBT SOCIAL CARE LTD,Private Contractors,Adult Social Care,438047.44
TOPLINE CARE SOLUTIONS,60,108455.31,care_or_education_placement,1,False,Topline Care Solutions Ltd,Private Contractors,Adult Social Care,433821.24
CONTINENTAL LANDSCAPES,8,108423.39,general_procurement,1,False,Continental Landscapes Ltd,Grounds Maintenance,Environment,433693.56
ESLAND NORTH,4,108129.98000000001,care_or_education_placement,1,False,Esland North Ltd,Private Contractors,Children's Social Care,432519.92000000004
CANARY CARE SERVICES,24,107576.16,care_or_education_placement,1,False,Canary Care Services Ltd,Private Contractors,Adult Social Care,430304.64
KB REAL ESTATE MANAGEMENT,67,105375.0,premises_non_procurement,1,False,KB Real Estate Management Ltd,Rents,Development & Housing,421500.0
CORNERWAYS HOMES,3,105142.2,care_or_education_placement,1,False,CORNERWAYS HOMES LTD,Private Contractors,Children's Social Care,420568.8
ZENCARE CHILDRENS SERVICES,3,104928.0,care_or_education_placement,1,False,Zencare Childrens Services Ltd.,Private Contractors,Children's Social Care,419712.0
MAISHA STAFFING SOLUTIONS,44,104537.41,general_procurement,3,True,MAISHA STAFFING SOLUTIONS LTD,Allowances for provision care,Children's Social Care,418149.64
WCL,1,102882.78,general_procurement,1,False,WCL UK Ltd (Trading as Everything ICT),Subscriptions,Education & SEND,411531.12
HYGGE CHILDREN S SOCIAL CARE,2,102845.23000000001,care_or_education_placement,1,False,Hygge Children's Social Care Ltd.,Private Contractors,Children's Social Care,411380.92000000004
COMPASS EXECUTIVE CARS,55,101156.5,general_procurement,2,True,COMPASS EXECUTIVE CARS (UK) LTD,Transport Hire,Education & SEND,404626.0
BLOOM PROCUREMENT SERVICES,1,100210.53,general_procurement,1,False,Bloom Procurement Services Ltd,Private Contractors,"Transformation, Customer & ICT",400842.12
FLORENCE CARE READING,19,98945.79000000001,care_or_education_placement,1,False,Florence Care Reading Ltd,Private Contractors,Adult Social Care,395783.16000000003
WITHERSLACK GROUP OF SCHOOLS CHILWORTH HOUSE SCHOOL,3,97431.43,care_or_education_placement,1,False,Witherslack Group of Schools - Chilworth House School,Other agencies,Education (DSG Funded) & Other Education Grants,389725.72
ROYAL BOROUGH OF WINDSOR AND MAIDENHEAD,1,96245.28,general_procurement,1,False,ROYAL BOROUGH OF WINDSOR & MAIDENHEAD,Private Contractors,"Finance, Property & Procurement",384981.12
KIND2U LIVING,12,95701.75,care_or_education_placement,1,False,Kind2U Living Ltd,Private Contractors,Adult Social Care,382807.0
FLOURISHING FAMILIES ASSESSMENT SERVICE,16,94667.85,care_or_education_placement,1,False,Flourishing Families Assessment Service Ltd.,Private Contractors,Children's Social Care,378671.4
AMICUS RESIDENTIAL CARE,3,94200.0,care_or_education_placement,1,False,Amicus Residential Care Ltd.,Private Contractors,Children's Social Care,376800.0
GLEN CLEANING COMPANY,68,92393.12,general_procurement,1,False,Glen Cleaning Company Ltd,Cleaning,"Finance, Property & Procurement",369572.48
HOPE AND CLAY,1,91306.75,general_procurement,1,False,Hope & Clay (Construction) Ltd,Payment to contractor,Environment,365227.0
R AND A HAINES BUILDING CONTRACTORS,9,90357.78,general_procurement,1,False,R&A Haines Building Contractors,Minor Works,Development & Housing,361431.12
NEWBURY COMMUNITY RESOURCE CENTRE,31,89247.65,grant,3,True,THE NEWBURY COMMUNITY RESOURCE CENTRE LTD,Grants,Development & Housing,356990.6
TEONFA,65,88726.89,care_or_education_placement,1,False,Teonfa Ltd,Private Contractors,Adult Social Care,354907.56
BEST PINNACLE CARE,44,85365.04,care_or_education_placement,1,False,Best Pinnacle Care Ltd,Private Contractors,Adult Social Care,341460.16
ARDENT,10,85119.55,general_procurement,1,False,ARDENT,Private Contractors,Environment,340478.2
CARETECH COMMUNITY SERVICES L,15,84154.62,care_or_education_placement,1,False,CARETECH COMMUNITY SERVICES L,Private Contractors,Adult Social Care,336618.48
ROADSIDE TECHNOLOGIES,10,84070.15999999999,general_procurement,1,False,Roadside Technologies Ltd,Payment to contractor,Environment,336280.63999999996
HOUSING CARE 21,39,83251.76,care_or_education_placement,1,False,HOUSING CARE 21,Private Contractors,Adult Social Care,333007.04
CRAEGMOOR EASTROP HOUSE PRIORY GROUP,6,79460.64,care_or_education_placement,1,False,Craegmoor Eastrop House - Priory Group,Private Contractors,Adult Social Care,317842.56
STEPPING STONES,12,78600.52,care_or_education_placement,1,False,STEPPING STONES,Private Contractors,Adult Social Care,314402.08
PRUDENTIAL,7,78337.91,general_procurement,1,False,PRUDENTIAL,Private Contractors,Strategy & Governance,313351.64
SUNLIGHT HOMECARE SERVICES,20,78087.82,care_or_education_placement,1,False,Sunlight Homecare Services Ltd,Private Contractors,Adult Social Care,312351.28
STROUD COURT COMMUNITY TRUST,6,78020.89,care_or_education_placement,1,False,STROUD COURT COMMUNITY TRUST,Voluntary Associations,Adult Social Care,312083.56
FELTHAM CONSTRUCTION,3,77997.11,general_procurement,1,False,FELTHAM CONSTRUCTION LTD,Payment to contractor,Education & SEND,311988.44
PARADIGM CARE SERVICES,5,77714.28,care_or_education_placement,1,False,Paradigm Care Services Ltd.,Private Contractors,Children's Social Care,310857.12
SUMMIT CONTRACTORS BUILD,5,77557.2,general_procurement,1,False,SUMMIT CONTRACTORS BUILD LTD,Minor Works,Development & Housing,310228.8
UNITY RESIDENTIAL CARE SERVICES,4,77192.45000000001,care_or_education_placement,1,False,Unity Residential Care Services,Private Contractors,Children's Social Care,308769.80000000005
ABACUS NURSERY,2,76985.49,grant,1,False,ABACUS NURSERY (KINGSCLERE NURSERIES),Grants,Education (DSG Funded) & Other Education Grants,307941.96
HEALTHCARE HOMES LADYMEAD CARE HOME,18,76324.14,care_or_education_placement,1,False,Healthcare Homes (Spring) Ltd - Ladymead Care Home,Private Contractors,Adult Social Care,305296.56
TRELOAR TRUST,6,75823.97,care_or_education_placement,1,False,Treloar Trust,Other agencies,Education (DSG Funded) & Other Education Grants,303295.88
HURST LODGE SCHOOL,4,75484.45,care_or_education_placement,1,False,Hurst Lodge School,Other agencies,Education (DSG Funded) & Other Education Grants,301937.8
READING WEST APARTHOTEL,3,74308.0,premises_non_procurement,1,False,READING WEST APARTHOTEL,Rents,Development & Housing,297232.0
WSP,24,73901.03,general_procurement,1,False,WSP UK  LTD,Consultants,Environment,295604.12
CONNICK TREE CARE,38,73404.42,general_procurement,1,False,CONNICK TREE CARE,Grounds Maintenance,Environment,293617.68
YOUR SERENITY,57,73258.73,care_or_education_placement,1,False,Your Serenity Ltd,Private Contractors,Adult Social Care,293034.92
ISP CHILDCARE,12,72641.36,care_or_education_placement,1,False,ISP Childcare Ltd,Private Contractors,Children's Social Care,290565.44
STEP BY STEP PARTNERSHIP,52,72365.16,care_or_education_placement,1,False,STEP BY STEP PARTNERSHIP LTD,Private Contractors,Children's Social Care,289460.64
MMCG,15,71717.33,care_or_education_placement,1,False,MMCG (2) Limited,Private Contractors,Adult Social Care,286869.32
PORTHAVEN CARE HOMES NO3 FALKLAND GRANGE,12,71308.7,care_or_education_placement,1,False,Porthaven Care Homes No3 - Falkland Grange,Private Contractors,Adult Social Care,285234.8
HAPPY KIDS NEWBURY,6,69602.41,grant,1,False,Happy Kids Newbury Ltd,Grants,Education (DSG Funded) & Other Education Grants,278409.64
BAILEYS OF NEWBURY,22,68206.35,general_procurement,1,False,BAILEYS OF NEWBURY,Transport Hire,Education & SEND,272825.4
BERKSHIRE MECHANICAL SERVICES,45,68040.0,general_procurement,1,False,BERKSHIRE MECHANICAL SERVICES,Corporate R&M,Development & Housing,272160.0
TRIPLE VALUE IMPACT,5,68028.0,general_procurement,1,False,Triple Value Impact,General Expenses,Chief Executive,272112.0
D J TRAVEL,16,67966.91,general_procurement,2,True,D J TRAVEL,Transport Hire,Adult Social Care,271867.64
REMEDICARE EDUCATION SERVICES,5,66660.0,care_or_education_placement,1,False,Remedicare Education Services Limited,Other agencies,Education (DSG Funded) & Other Education Grants,266640.0
FRONTISTI SERVICES,6,65050.04,care_or_education_placement,1,False,Frontisti Services Limited,Private Contractors,Adult Social Care,260200.16
IESE INNOVATION,1,64000.0,general_procurement,1,False,iESE Innovation Ltd,Professional Fees,"Finance, Property & Procurement",256000.0
PANGBOURNE DAY NURSERY,3,63942.61,grant,1,False,PANGBOURNE DAY NURSERY,Grants,Education (DSG Funded) & Other Education Grants,255770.44
CAREMARK,34,63874.85,care_or_education_placement,1,False,Caremark (West Berkshire & Reading),Private Contractors,Adult Social Care,255499.4
CAMBIAN ASPERGER SYNDROME SERVICES,2,63667.66,care_or_education_placement,1,False,Cambian Asperger Syndrome Services Ltd,Other agencies,Education (DSG Funded) & Other Education Grants,254670.64
ABC TRAVEL,24,63141.0,general_procurement,1,False,ABC TRAVEL (WOKINGHAM) LIMITED T/A ABC TRAVEL,Transport Hire,Education & SEND,252564.0
A AND E BUILDERS,6,62693.64,general_procurement,1,False,A&E BUILDERS (BASINGSTOKE) LIMITED,Minor Works,Development & Housing,250774.56
WEMYSS LODGE,10,62445.63,care_or_education_placement,1,False,Wemyss Lodge Ltd,Private Contractors,Adult Social Care,249782.52
PLAYMATES PRE SCHOOL,3,61849.11,grant,1,False,PLAYMATES PRE-SCHOOL,Grants,Education (DSG Funded) & Other Education Grants,247396.44
ALMAAZ 59,28,61536.1,general_procurement,1,False,ALMAAZ 59 LTD ( T/A SCHOOL TRAVEL),Transport Hire,Education & SEND,246144.4
G E BUILDING SERVICES,3,59938.0,general_procurement,1,False,G E Building Services,Payment to contractor,"Finance, Property & Procurement",239752.0
YUME PROJECT,66,59876.94,care_or_education_placement,1,False,The Yume Project Ltd,Private Contractors,Adult Social Care,239507.76
BEENHAM CATERPILLARS,2,59582.38,grant,1,False,Beenham Caterpillars,Grants,Education (DSG Funded) & Other Education Grants,238329.52
CROSSROADS CARE WEST BERKSHIRE,4,58776.6,care_or_education_placement,1,False,CROSSROADS CARE WEST BERKSHIRE (NEWBURY BRANCH),Voluntary Associations,Adult Social Care,235106.4
PAYPOINT MOBILE AND ONLINE,5,58398.66,general_procurement,1,False,PAYPOINT MOBILE & ONLINE,Private Contractors,Environment,233594.64
NORTH STAR CHILDREN S HOMES,1,58257.61,care_or_education_placement,1,False,North Star Children's Homes Ltd.,Private Contractors,Children's Social Care,233030.44
LADYBIRDS PRE SCHOOL,2,58103.04,grant,1,False,LADYBIRDS PRE-SCHOOL,Grants,Education (DSG Funded) & Other Education Grants,232412.16
ENABLE INCLUSIVE SUPPORT,4,56473.67,care_or_education_placement,1,False,Enable Inclusive Support Ltd,Private Contractors,Adult Social Care,225894.68
LITTLE RAINBOWS RAINBOWS CHILDCARE,1,56199.9,grant,1,False,LITTLE RAINBOWS LTD/RAINBOWS CHILDCARE LTD,Grants,Education (DSG Funded) & Other Education Grants,224799.6
BLOOMFIELD CARE,28,56132.45,care_or_education_placement,1,False,Bloomfield Care Ltd,Private Contractors,Adult Social Care,224529.8
ROFEMARON HEALTHCARE,20,56078.44,care_or_education_placement,1,False,Rofemaron Healthcare Ltd,Private Contractors,Adult Social Care,224313.76
VOCALA,2,55823.3,general_procurement,1,False,VOCALA LTD,Purchase - Equipment,Adult Social Care - Transformation Projects,223293.2
SOUTHERN COACH LINES,16,55531.89,general_procurement,1,False,SOUTHERN COACH LINES LTD,Transport Hire,Education & SEND,222127.56
LYORA HEALTHCARE SERVICES,5,55060.27,care_or_education_placement,1,False,Lyora Healthcare Services,Private Contractors,Adult Social Care,220241.08
PRIORITY SERVICES4U,8,55013.16,care_or_education_placement,1,False,Priority Services4u Ltd,Private Contractors,Adult Social Care,220052.64
DANIEL GRIFFITHS,20,54810.0,general_procurement,1,False,DANIEL GRIFFITHS T/A BLUEBIRD PASSENGER SERVICES,Transport Hire,Education & SEND,219240.0
BERKSHIRE WOMENS AID,2,52997.5,general_procurement,1,False,Berkshire Womens Aid,Voluntary Associations,Public Health & Wellbeing,211990.0
BROCKHURST AND MARLSTON HOUSE SCHOOLS,1,52684.32,grant,1,False,BROCKHURST & MARLSTON HOUSE SCHOOLS,Grants,Education (DSG Funded) & Other Education Grants,210737.28
PRECIOUS HOMES,3,52614.770000000004,care_or_education_placement,1,False,Precious Homes Ltd,Private Contractors,Adult Social Care,210459.08000000002
WESTMINSTER HOMECARE,10,52312.8,care_or_education_placement,1,False,Westminster Homecare,Private Contractors,Adult Social Care,209251.2
YOUNG PEOPLE AND CHILDREN FIRST,16,51510.86,care_or_education_placement,1,False,YOUNG PEOPLE & CHILDREN FIRST,Private Contractors,Children's Social Care,206043.44
IDOX SOFTWARE,2,51226.409999999996,general_procurement,1,False,IDOX SOFTWARE LTD,IT,Community Services,204905.63999999998
SWAN ADVOCACY,8,51216.0,care_or_education_placement,2,True,Swan Advocacy,Voluntary Associations,Adult Social Care,204864.0
ACORN HOME SUPPORT,53,51197.560000000005,care_or_education_placement,1,False,Acorn Home Support Ltd,Private Contractors,Adult Social Care,204790.24000000002
MILKWOOD CARE APPLEWOOD CARE HOME,11,50332.47,care_or_education_placement,1,False,Milkwood Care Ltd - Applewood Care Home,Private Contractors,Adult Social Care,201329.88
HOME FRONT,3,50196.78,general_procurement,1,False,Home Front Ltd,Payment to contractor,Community Services,200787.12
HEATHCOTES M,3,49955.64,care_or_education_placement,1,False,Heathcotes M Ltd,Private Contractors,Adult Social Care,199822.56
ROYAL MAIL GROUP,17,49939.73,general_procurement,1,False,ROYAL MAIL GROUP PLC,Postage,"Transformation, Customer & ICT",199758.92
OLD FIRE STATION NURSERY,1,49606.92,grant,1,False,The Old Fire Station Nursery,Grants,Education (DSG Funded) & Other Education Grants,198427.68
ORPHEUS CENTRE,13,48642.79,care_or_education_placement,1,False,The Orpheus Centre,Private Contractors,Adult Social Care,194571.16
MOOR HOUSE SCHOOL,2,48595.34,care_or_education_placement,1,False,MOOR HOUSE SCHOOL,Other agencies,Education (DSG Funded) & Other Education Grants,194381.36
FOUR CORNERS CARE,8,48548.57,care_or_education_placement,1,False,Four Corners Care Ltd.,Private Contractors,Children's Social Care,194194.28
HARRIET HOUSE MONTESSORI,1,48193.17,grant,1,False,HARRIET HOUSE MONTESSORI,Grants,Education (DSG Funded) & Other Education Grants,192772.68
CIVICA,3,48011.36,general_procurement,1,False,CIVICA  UK LTD,IT,Community Services,192045.44
NEXUS FOSTERING,12,47755.840000000004,care_or_education_placement,1,False,Nexus Fostering Ltd,Private Contractors,Children's Social Care,191023.36000000002
AURORA FE,4,47363.17,care_or_education_placement,1,False,Aurora FE Ltd T/A Aurora Foxes,Other agencies,Education (DSG Funded) & Other Education Grants,189452.68
CHILTERN WAY ACADEMY,22,46562.36,care_or_education_placement,1,False,CHILTERN WAY ACADEMY,Other agencies,Education (DSG Funded) & Other Education Grants,186249.44
APEX PRIME CARE,34,46559.229999999996,care_or_education_placement,1,False,Apex Prime Care Ltd,Private Contractors,Adult Social Care,186236.91999999998
CREAM HOLDINGS,6,46398.049999999996,care_or_education_placement,1,False,Cream Holdings (Taunton) Ltd,Private Contractors,Adult Social Care,185592.19999999998
MULBERRY CARE,9,46294.48,care_or_education_placement,1,False,Mulberry Care,Private Contractors,Adult Social Care,185177.92
INSIGHT DIRECT,6,46075.33,general_procurement,1,False,INSIGHT DIRECT (UK) LTD,IT,Strategy & Governance,184301.32
BEAM UP,3,45954.0,general_procurement,1,False,Beam Up Ltd,IT,Children's Social Care,183816.0
CHILMINGTON HOMES,6,45914.6,care_or_education_placement,1,False,Chilmington Homes Ltd,Private Contractors,Adult Social Care,183658.4
ASTON NURSING SERVICES,33,45499.81,care_or_education_placement,1,False,Aston Nursing Services LTD,Private Contractors,Children's Social Care,181999.24
PURLEY PRE SCHOOL PLAYGROUP,1,45318.14,grant,1,False,PURLEY PRE-SCHOOL PLAYGROUP,Grants,Education (DSG Funded) & Other Education Grants,181272.56
SOLUTIONS4HEALTH,4,45277.619999999995,general_procurement,1,False,Solutions4Health Ltd,Private Contractors,Public Health & Wellbeing,181110.47999999998
BOLINDA,5,45000.0,general_procurement,1,False,Bolinda UK Ltd,Payment to contractor,Community Services,180000.0
NAVARA LODGE,11,44638.1,care_or_education_placement,1,False,Navara Lodge,Private Contractors,Adult Social Care,178552.4
TK TRAVEL,6,44200.8,general_procurement,1,False,TK TRAVEL LTD,Transport Hire,Education & SEND,176803.2
FOR FAMILIES,2,43135.7,care_or_education_placement,1,False,For Families Ltd,Private Contractors,Children's Social Care,172542.8
BOOT FARM KINDERGARDEN,2,42573.079999999994,grant,1,False,BOOT FARM KINDERGARDEN,Grants,Education (DSG Funded) & Other Education Grants,170292.31999999998
AMS CARE WILTSHIRE,9,42251.04,care_or_education_placement,1,False,AMS Care Wiltshire Ltd,Private Contractors,Adult Social Care,169004.16
NORTHCOURT LODGE RESIDENTIAL CARE HOME,8,42221.509999999995,care_or_education_placement,1,False,Northcourt Lodge Residential Care Home Ltd,Private Contractors,Adult Social Care,168886.03999999998
SWARCO SMART CHARGING,3,42032.880000000005,general_procurement,1,False,SWARCO SMART CHARGING LTD,Payment to contractor,Environment,168131.52000000002
ORMSBY LODGE,6,41871.22,care_or_education_placement,1,False,ORMSBY LODGE,Private Contractors,Adult Social Care,167484.88
LVS OXFORD,2,41680.66,care_or_education_placement,1,False,LVS Oxford,Other agencies,Education (DSG Funded) & Other Education Grants,166722.64
OXFORD ARCHITECTS,9,41655.0,general_procurement,1,False,OXFORD ARCHITECTS LLP,Consultants,Education & SEND,166620.0
MRS M ALSBURY,4,41251.81,grant,1,False,MRS M ALSBURY,Grants,Education (DSG Funded) & Other Education Grants,165007.24
KENNET VALLEY CATERPILLARS,3,41057.04,grant,1,False,KENNET VALLEY CATERPILLARS,Grants,Education (DSG Funded) & Other Education Grants,164228.16
BUCKINGHAMSHIRE COLLEGE GROUP IS A TRADING NAME OF AYLESBURY COLLEGE,6,40031.79,care_or_education_placement,1,False,Buckinghamshire College Group is a trading name of Aylesbury College,Other agencies,Education (DSG Funded) & Other Education Grants,160127.16
MOORLANDS REST HOME,9,39837.18,care_or_education_placement,1,False,Moorlands Rest Home,Private Contractors,Adult Social Care,159348.72
CONNECT 2 FLEXICARE,3,39835.2,care_or_education_placement,1,False,Connect 2 Flexicare Ltd,Private Contractors,Children's Social Care,159340.8
CLEEVE LODGE,7,39636.14,care_or_education_placement,1,False,CLEEVE LODGE,Private Contractors,Adult Social Care,158544.56
PRO AIR GB,1,39490.0,general_procurement,1,False,PRO-AIR GB LTD,Payment to contractor,Environment,157960.0
SPORTS AND LEISURE MANAGEMENT,1,39139.47,general_procurement,1,False,SPORTS & LEISURE MANAGEMENT LTD,Private Contractors,Community Services,156557.88
RICHMOND FELLOWSHIP,18,38835.6,care_or_education_placement,1,False,RICHMOND FELLOWSHIP,Voluntary Associations,Adult Social Care,155342.4
RAINBOW NURSERY,1,38804.6,grant,1,False,THE RAINBOW NURSERY,Grants,Education (DSG Funded) & Other Education Grants,155218.4
DEVCOMMS SOUTH EAST,2,38785.3,general_procurement,1,False,DevComms South East Ltd,Professional Fees,Development & Housing,155141.2
TADLEY COURT SCHOOL PRIORY,4,37802.07,care_or_education_placement,1,False,Tadley Court School Priory,Other agencies,Education (DSG Funded) & Other Education Grants,151208.28
COATE WATER CARE,12,37771.11,care_or_education_placement,1,False,Coate Water Care (Arbory) Limited,Private Contractors,Adult Social Care,151084.44
MALLARD COTTAGE CHILDCARE,3,37507.39,grant,1,False,MALLARD COTTAGE CHILDCARE,Grants,Education (DSG Funded) & Other Education Grants,150029.56
PANGBOURNE VALLEY PLAYGROUP,1,37074.1,grant,1,False,PANGBOURNE VALLEY PLAYGROUP,Grants,Education (DSG Funded) & Other Education Grants,148296.4
LIFE CARE CORPORATION,1,36571.43,care_or_education_placement,1,False,LIFE CARE CORPORATION LTD,Private Contractors,Adult Social Care,146285.72
TRIPLE P,2,36205.0,general_procurement,1,False,TRIPLE P UK LIMITED,Project,Children's Social Care,144820.0
BLISS RESIDENTIAL CARE,3,35784.44,care_or_education_placement,1,False,BLISS RESIDENTIAL CARE LTD,Private Contractors,Adult Social Care,143137.76
ILLUMINANCE FOSTERING SERVICE,6,35750.259999999995,care_or_education_placement,1,False,ILLUMINANCE FOSTERING SERVICE,Private Contractors,Children's Social Care,143001.03999999998
WELLY BOOT LODGE DAY NURSERY,1,35726.13,grant,1,False,WELLY BOOT LODGE DAY NURSERY LTD,Grants,Education (DSG Funded) & Other Education Grants,142904.52
MARK DILLON,15,35282.0,general_procurement,2,True,Mark Dillon t/a Penmar Transport Ltd,Transport Hire,Education & SEND,141128.0
HOLMLEIGH CARE,3,35184.600000000006,care_or_education_placement,1,False,Holmleigh Care Ltd,Private Contractors,Adult Social Care,140738.40000000002
FAMILYPLACEMENT COM,11,34892.200000000004,care_or_education_placement,1,False,FAMILYPLACEMENT.COM LTD,Private Contractors,Children's Social Care,139568.80000000002
ACHIEVING FOR CHILDREN,1,34390.31,general_procurement,1,False,Achieving for Children,Private Contractors,"Finance, Property & Procurement",137561.24
NADAM CARE,8,34345.82,care_or_education_placement,1,False,Nadam Care Ltd T/A Belamie Gables Care Home,Private Contractors,Adult Social Care,137383.28
VELOX HEALTHCARE,4,34308.0,care_or_education_placement,1,False,VELOX HEALTHCARE LIMITED,Private Contractors,Children's Social Care,137232.0
SOVEREIGN HOUSING GROUP,44,33283.63,premises_non_procurement,2,True,SOVEREIGN HOUSING GROUP,Rents,Development & Housing,133134.52
COCKLEBURY FARMHOUSE HOMES,3,32861.68,care_or_education_placement,1,False,Cocklebury Farmhouse Homes,Private Contractors,Adult Social Care,131446.72
MINSTEAD TRUST,8,32817.11,care_or_education_placement,1,False,MINSTEAD TRUST,Private Contractors,Adult Social Care,131268.44
GARD NER MEMORIAL MORE HOUSE SCHOOL,3,32533.0,care_or_education_placement,1,False,The Gard’ner Memorial Ltd/More House School,Other agencies,Education (DSG Funded) & Other Education Grants,130132.0
GREEN METRO CARS READING,19,32321.47,general_procurement,1,False,GREEN METRO CARS READING LTD,Transport Hire,Education & SEND,129285.88
AURORA ROWAN SCHOOL,1,31666.67,care_or_education_placement,1,False,Aurora Rowan School,Other agencies,Education (DSG Funded) & Other Education Grants,126666.68
ADVOCACY PEOPLE,3,31653.23,care_or_education_placement,2,True,The Advocacy People (formerly SEAP),Voluntary Associations,Adult Social Care,126612.92
INDEPENDENCE WITH DIGNITY SUPPORT SERVICES,32,31518.34,care_or_education_placement,1,False,INDEPENDENCE WITH DIGNITY SUPPORT SERVICES LTD,Private Contractors,Adult Social Care,126073.36
OLAYINKA BUKOLA,3,31360.37,care_or_education_placement,1,False,Olayinka Bukola T/A Divine Care Solutions,Private Contractors,Adult Social Care,125441.48
SAM2SAM DEAF CARE SERVICE,6,31299.22,care_or_education_placement,1,False,Sam2Sam Deaf Care Service Ltd,Private Contractors,Adult Social Care,125196.88
CASTLE WATER,8,31291.86,premises_non_procurement,1,False,CASTLE WATER LIMITED,Water Rates,Adult Social Care,125167.44
WESTWOOD FARM COMM PRE SCHOOL,1,31010.19,grant,1,False,WESTWOOD FARM COMM PRE-SCHOOL,Grants,Education (DSG Funded) & Other Education Grants,124040.76
MORTIMER PRE SCHOOL,3,30459.72,grant,1,False,MORTIMER PRE SCHOOL,Grants,Education (DSG Funded) & Other Education Grants,121838.88
THATCHAM PRE SCHOOL,3,30209.66,grant,1,False,THATCHAM PRE-SCHOOL,Grants,Education (DSG Funded) & Other Education Grants,120838.64
HERMITAGE PRE SCHOOL PLAYGROU,3,30136.28,grant,1,False,HERMITAGE PRE SCHOOL PLAYGROU,Grants,Education (DSG Funded) & Other Education Grants,120545.12
COMPTON PRE SCHOOL,3,30104.61,grant,1,False,COMPTON PRE SCHOOL,Grants,Education (DSG Funded) & Other Education Grants,120418.44
THOMSON REUTERS SWEET AND MAXWELL,2,29894.31,general_procurement,1,False,THOMSON REUTERS/SWEET AND MAXWELL LTD,Purchases Books & Publications,Strategy & Governance,119577.24
ETERNAL HOMECARE READING,22,29808.9,care_or_education_placement,1,False,Eternal Homecare Reading,Private Contractors,Adult Social Care,119235.6
GADBOURNE SERVICES,4,29691.64,general_procurement,1,False,GADBOURNE SERVICES (NEWBURY) LTD,Minor Works,Development & Housing,118766.56
BEENHAM PRE SCHOOL,1,29568.15,grant,1,False,BEENHAM PRE SCHOOL,Grants,Education (DSG Funded) & Other Education Grants,118272.6
COLD ASH PRE SCHOOL,1,29486.39,grant,1,False,COLD ASH PRE SCHOOL,Grants,Education (DSG Funded) & Other Education Grants,117945.56
STAGECOACH SERVICES,6,28839.65,general_procurement,1,False,STAGECOACH SERVICES LIMITED,Public Transport,Environment,115358.6
ALANIS COACH TRAVEL,16,28818.29,general_procurement,1,False,Alanis Coach Travel,Transport Hire,Education & SEND,115273.16
HELPING HANDS HEALING HOOVES,8,28774.07,care_or_education_placement,1,False,Helping Hands Healing Hooves Ltd,Private Contractors,Adult Social Care,115096.28
ROYAL NATIONAL COLLEGE FOR BLIND,1,28753.67,care_or_education_placement,1,False,The Royal National College for the Blind,Other agencies,Education (DSG Funded) & Other Education Grants,115014.68
A MONGER,5,28751.97,general_procurement,1,False,A MONGER LTD,Minor Works,Development & Housing,115007.88
MILKWOOD CARE BRAEBURN LODGE,6,28681.7,care_or_education_placement,1,False,Milkwood Care Ltd - Braeburn Lodge,Private Contractors,Adult Social Care,114726.8
KINGSCLERE NURSERIES,1,28655.35,grant,1,False,Kingsclere Nurseries,Grants,Education (DSG Funded) & Other Education Grants,114621.4
ACE WHEELCHAIR TRAVEL,9,28458.0,general_procurement,1,False,ACE WHEELCHAIR TRAVEL,Transport Hire,Education & SEND,113832.0
FOREST BRIDGE SCHOOL,2,28313.42,care_or_education_placement,1,False,Forest Bridge School,Other agencies,Education (DSG Funded) & Other Education Grants,113253.68
WAYS INTO WORK,1,28250.0,care_or_education_placement,1,False,Ways into work CIC,Other agencies,Education & SEND,113000.0
COLLEYCARE,6,28206.550000000003,care_or_education_placement,1,False,COLLEYCARE LTD,Private Contractors,Adult Social Care,112826.20000000001
CHAILEY HERITAGE FOUNDATION,1,28202.01,care_or_education_placement,1,False,Chailey Heritage Foundation,Other agencies,Education (DSG Funded) & Other Education Grants,112808.04
COATE WATER CARE CO,6,28201.75,care_or_education_placement,1,False,Coate Water Care Co Ltd,Private Contractors,Adult Social Care,112807.0
PARADISE HOUSE,3,28166.97,care_or_education_placement,1,False,PARADISE HOUSE,Private Contractors,Adult Social Care,112667.88
ABICARE,7,27809.28,care_or_education_placement,1,False,Abicare,Private Contractors,Adult Social Care,111237.12
TRADING STANDARDS SOUTH EAST,3,27509.57,general_procurement,1,False,Trading Standards South East Limited,Subscriptions,Community Services,110038.28
BLUE SKY FOSTERING,5,27430.48,care_or_education_placement,1,False,Blue Sky Fostering,Private Contractors,Children's Social Care,109721.92
TY COCH VILLA,6,27322.15,care_or_education_placement,1,False,Ty Coch Villa Ltd,Private Contractors,Adult Social Care,109288.6
CONVERGENT TECHNOLOGY,3,27160.54,general_procurement,1,False,Convergent Technology Limited,IT Equipment,"Transformation, Customer & ICT",108642.16
ENCOMPASS,6,26810.09,care_or_education_placement,1,False,Encompass (Dorset) Ltd t/a Rawleigh House,Voluntary Associations,Adult Social Care,107240.36
SERVNET,1,26799.72,general_procurement,1,False,Servnet Ltd,IT,"Transformation, Customer & ICT",107198.88
COMMERCIAL SERVICES KENT,3,26549.25,general_procurement,1,False,COMMERCIAL SERVICES KENT LTD,Professional Fees,Strategy & Governance,106197.0
PARKCARE HOMES,7,26231.5,care_or_education_placement,1,False,Parkcare Homes (No 2) Limited t/a White House,Private Contractors,Adult Social Care,104926.0
UNIVERSITY OF SOUTHAMPTON,1,26204.0,general_procurement,1,False,UNIVERSITY OF SOUTHAMPTON,Professional Fees,Education & SEND,104816.0
SIRONA INTERNATIONAL,14,26183.06,care_or_education_placement,1,False,Sirona International Ltd t/a Poseidon Care,Private Contractors,Adult Social Care,104732.24
D J TAYLOR,4,26127.54,general_procurement,1,False,D J TAYLOR,Minor Works,Development & Housing,104510.16
PIED PIPER PRE SCHOOL,4,26108.44,grant,1,False,PIED PIPER PRE-SCHOOL,Grants,Education (DSG Funded) & Other Education Grants,104433.76
AM HOMECARE SERVICES,3,25840.54,care_or_education_placement,1,False,AM Homecare Services Ltd,Private Contractors,Adult Social Care,103362.16
BETHANY HAYES,3,25785.54,grant,1,False,Bethany Hayes,Grants,Education (DSG Funded) & Other Education Grants,103142.16
BEANSHEAF COMMUNITY PRE SCHOO,2,25705.36,grant,1,False,BEANSHEAF COMMUNITY PRE-SCHOO,Grants,Education (DSG Funded) & Other Education Grants,102821.44
RACKLINE,2,25510.0,general_procurement,1,False,Rackline Limited,Payment to contractor,"Finance, Property & Procurement",102040.0
WINGS AND WELLIES PRE SCHOOL,1,25492.93,grant,1,False,WINGS & WELLIES PRE-SCHOOL (ST GEORGE'S PRE-SCHOOL),Grants,Education (DSG Funded) & Other Education Grants,101971.72
SLOUGH CHILDREN FIRST,1,25469.56,general_procurement,1,False,SLOUGH CHILDREN FIRST LIMITED,Private Contractors,"Finance, Property & Procurement",101878.24
PERCEPTIVE ON LINE,15,25401.969999999998,general_procurement,1,False,Perceptive On Line Ltd T/A Amatis Networks,IT,"Transformation, Customer & ICT",101607.87999999999
CREDO CARE,4,25363.87,care_or_education_placement,1,False,CREDO CARE,Private Contractors,Children's Social Care,101455.48
VALORUM CARE GROUP,9,25181.62,care_or_education_placement,1,False,Valorum Care Group Ltd,Private Contractors,Adult Social Care,100726.48
CHARMAINE CAULFIELD,1,24850.39,grant,1,False,CHARMAINE CAULFIELD,Grants,Education (DSG Funded) & Other Education Grants,99401.56
OPTIMAL LIVING,3,24837.14,care_or_education_placement,1,False,Optimal Living Ltd,Private Contractors,Adult Social Care,99348.56
NATIONAL YOUTH ADVOCACY SERVICE,3,24781.260000000002,care_or_education_placement,1,False,National Youth Advocacy Service,Voluntary Associations,Children's Social Care,99125.04000000001
AGE BERKSHIRE,4,24724.07,care_or_education_placement,2,True,AGE UK BERKSHIRE,Voluntary Associations,Adult Social Care,98896.28
STRIPEWEB,29,24666.91,general_procurement,1,False,Stripeweb,Charges,"Finance, Property & Procurement",98667.64
ADDINGTON SCHOOL,2,24407.559999999998,care_or_education_placement,1,False,Addington School,Other agencies,Education (DSG Funded) & Other Education Grants,97630.23999999999
JPAS CONTRACTING,2,24235.0,general_procurement,1,False,JPAS Contracting Ltd,Payment to contractor,Community Services,96940.0
BOOKINGLAB,1,24000.0,general_procurement,1,False,BookingLab Limited,IT,"Transformation, Customer & ICT",96000.0
INCLUSION HAMPSHIRE INCLUSION COLLEGE,3,23500.02,care_or_education_placement,1,False,Inclusion Hampshire/Inclusion College,Other agencies,Education (DSG Funded) & Other Education Grants,94000.08
KARD GROUP,6,23400.0,premises_non_procurement,1,False,KARD GROUP LIMITED,Rents,Development & Housing,93600.0
KAY HEALTHCARE,6,23339.03,care_or_education_placement,1,False,Kay Healthcare Ltd,Private Contractors,Adult Social Care,93356.12
FUSION FOSTERING,4,23102.760000000002,care_or_education_placement,1,False,FUSION FOSTERING LTD,Private Contractors,Children's Social Care,92411.04000000001
PREMIER CARS,18,23097.5,general_procurement,1,False,Premier Cars,Transport Hire,Education & SEND,92390.0
ST JOHN S PRE SCHOOL,2,23093.97,grant,1,False,ST JOHN'S PRE-SCHOOL,Grants,Education (DSG Funded) & Other Education Grants,92375.88
WEST BERKSHIRE TRAINING CONSORTIUM,1,22963.98,grant,1,False,WEST BERKSHIRE TRAINING CONSORTIUM,Grants,Education & SEND,91855.92
ALLSTAR BUSINESS SOLUTIONS,11,22890.57,general_procurement,1,False,ALLSTAR BUSINESS SOLUTIONS LTD,Direct Transport Costs,Environment,91562.28
MINI OAKS PRESCHOOL,1,22882.17,grant,1,False,MINI OAKS PRESCHOOL,Grants,Education (DSG Funded) & Other Education Grants,91528.68
GP HOMECARE TA RADIS COMM CARE,5,22684.56,care_or_education_placement,1,False,GP HOMECARE LTD/TA RADIS COMM CARE,Private Contractors,Adult Social Care,90738.24
CHERRYTREES CARE,4,22619.170000000002,care_or_education_placement,1,False,Cherrytrees Care,Private Contractors,Adult Social Care,90476.68000000001
NATIONAL STAR COLLEGE,1,22278.61,care_or_education_placement,1,False,National Star College,Other agencies,Education (DSG Funded) & Other Education Grants,89114.44
CHIRON CARE,6,22117.95,care_or_education_placement,1,False,Chiron Care (UK) Ltd,Private Contractors,Adult Social Care,88471.8
TENNENT HOMES 2019,18,21900.0,premises_non_procurement,1,False,Tennent Homes 2019 Limited,Rents,Development & Housing,87600.0
NATIONAL FOSTERING AGENCY,6,21786.38,care_or_education_placement,1,False,The National Fostering Agency Ltd,Private Contractors,Children's Social Care,87145.52
H F TRUST,4,21303.67,care_or_education_placement,1,False,H F TRUST LIMITED,Voluntary Associations,Adult Social Care,85214.68
GOLDEN AURA CARE,8,20704.0,general_procurement,1,False,Golden Aura Care Limited,Transport Hire,Education & SEND,82816.0
RBPG,12,20583.37,care_or_education_placement,2,True,RBPG Limited (Robinson Brown Property Group Limited),Private Contractors,Adult Social Care,82333.48
U KIDS CHILDCARE,3,20492.629999999997,grant,1,False,U KIDS CHILDCARE LIMITED,Grants,Education & SEND,81970.51999999999
PASSIONATE SUPPORT SERVICES,3,20488.52,care_or_education_placement,1,False,Passionate Support Services Ltd,Private Contractors,Adult Social Care,81954.08
JANES HOUSE MONTESSORI LALATIGS,2,20449.75,grant,1,False,JANES HOUSE MONTESSORI / LALATIGS LTD,Grants,Education (DSG Funded) & Other Education Grants,81799.0
SHARE FOUNDATION THIRD PARTY FUNDRAISING TURST STATUS ACCOUNT,1,20417.29,general_procurement,1,False,THE SHARE FOUNDATION THIRD PARTY FUNDRAISING TURST STATUS ACCOUNT,Allowances for provision care,Children's Social Care,81669.16
SHINFIELD BUILDERS,2,20347.4,general_procurement,1,False,SHINFIELD BUILDERS,Minor Works,Development & Housing,81389.6
1ST TRANSPORT INNOVATION READING,11,20341.5,general_procurement,1,False,1st Transport Innovation Reading Ltd T/A 5 Star Cars & Reading Central Cars,Transport Hire,Education & SEND,81366.0
HEATH FARM FOSTERING,3,20295.2,care_or_education_placement,1,False,Heath Farm Fostering,Private Contractors,Children's Social Care,81180.8
C L WINDEBANK,3,20198.62,care_or_education_placement,1,False,C L WINDEBANK (COMBE HOUSE),Private Contractors,Adult Social Care,80794.48
CAREMATCH,9,20156.16,general_procurement,1,False,CareMatch Ltd,Direct Payment,Adult Social Care,80624.64
FETLOCKS HOUSING,4,20142.34,care_or_education_placement,1,False,Fetlocks Housing Ltd,Private Contractors,Adult Social Care,80569.36
STREATLEY HILL PRE SCHOOL,1,20141.73,grant,1,False,STREATLEY HILL PRE-SCHOOL,Grants,Education (DSG Funded) & Other Education Grants,80566.92
LIAISE LONDON,2,20113.52,care_or_education_placement,1,False,Liaise London Ltd,Private Contractors,Adult Social Care,80454.08
INTERAKT COMMUNITY,26,20050.47,care_or_education_placement,1,False,Interakt Community Limited,Private Contractors,Adult Social Care,80201.88
ROBSEAL ROOFING SOLUTIONS,1,20000.0,general_procurement,1,False,Robseal Roofing Solutions Ltd,Payment to contractor,"Finance, Property & Procurement",80000.0
VERNA EARTH SOLUTIONS,1,20000.0,general_procurement,1,False,Verna Earth Solutions Ltd.,Professional Fees,Development & Housing,80000.0
HEROS,1,19863.34,care_or_education_placement,1,False,HEROS,Other agencies,Education (DSG Funded) & Other Education Grants,79453.36
ST MARY S RESIDENTIAL HOME,3,19784.57,care_or_education_placement,1,False,ST MARY'S RESIDENTIAL HOME,Voluntary Associations,Adult Social Care,79138.28
BACYP,4,19779.0,grant,3,True,BACYP LTD T/A Berkshire Youth,Grants,Education & SEND,79116.0
FEES AND CHARGES CO,1,19750.0,general_procurement,1,False,FEES AND CHARGES CO LTD,Professional Fees,Strategy & Governance,79000.0
MARSTON HOLDINGS,2,19746.0,general_procurement,1,False,Marston Holdings Ltd,Corporate R&M,Environment,78984.0
RENAULT RETAIL GROUP,1,19737.95,general_procurement,1,False,Renault Retail Group UK Ltd.,Payment to contractor,Environment,78951.8
ONE SOURCE IT,2,19695.0,general_procurement,1,False,One Source IT Ltd,IT Equipment,"Transformation, Customer & ICT",78780.0
ENGLEFIELD ESTATE TRUST CORPORATION,1,19667.64,general_procurement,1,False,The Englefield Estate Trust Corporation Ltd,Payment to contractor,Environment,78670.56
PBS4,3,19629.35,care_or_education_placement,1,False,PBS4,Private Contractors,Adult Social Care,78517.4
BOTTOMLINE TECHNOLOGIES,2,19565.04,general_procurement,1,False,Bottomline Technologies,IT,Environment,78260.16
LIFTABILITY,3,19532.03,general_procurement,1,False,LIFTABILITY LTD,Minor Works,Development & Housing,78128.12
CORNERSTONE BACS,2,19500.0,general_procurement,1,False,CORNERSTONE BACS (MISS EMMALINE LAMBERT),Professional Fees,Development & Housing,78000.0
CARE PARTNERS,21,19312.93,care_or_education_placement,1,False,CARE PARTNERS (NEWBURY) LTD,Private Contractors,Adult Social Care,77251.72
JENEVI EDUCARE,1,19294.56,care_or_education_placement,1,False,Jenevi Educare Limited,Private Contractors,Children's Social Care,77178.24
KINTBURY PRESCHOOL PLAYGROUP,2,19214.75,grant,1,False,KINTBURY PRESCHOOL PLAYGROUP,Grants,Education (DSG Funded) & Other Education Grants,76859.0
SUNBEAM FOSTERING AGENCY,5,19211.28,care_or_education_placement,1,False,Sunbeam Fostering Agency Ltd,Private Contractors,Children's Social Care,76845.12
VALLEY CARS,9,19141.0,general_procurement,1,False,Valley Cars,Transport Hire,Education & SEND,76564.0
LIBERTY SUPPORTED LIVING,3,19109.0,care_or_education_placement,1,False,Liberty Supported Living,Private Contractors,Children's Social Care,76436.0
CHIEVELEY PRE SCHOOL PLAYGROU,3,19052.87,grant,1,False,CHIEVELEY PRE-SCHOOL PLAYGROU,Grants,Education (DSG Funded) & Other Education Grants,76211.48
HAMILTON SPRINGS HEALTH CARE,3,18952.41,care_or_education_placement,1,False,Hamilton Springs Health Care Limited,Private Contractors,Adult Social Care,75809.64
KARE SUPPORT SERVICES,3,18814.079999999998,care_or_education_placement,1,False,Kare Support Services Ltd,Private Contractors,Adult Social Care,75256.31999999999
RED BALLOON READING,2,18763.0,care_or_education_placement,1,False,Red Balloon  -  Reading,Other agencies,Education (DSG Funded) & Other Education Grants,75052.0
UBITRICITY DISTRIBUTED ENERGY SYSTEMS,1,18675.0,general_procurement,1,False,Ubitricity Distributed Energy Systems UK Ltd,Payment to contractor,Environment,74700.0
BARCHESTER HEALTHCARE MOUNT TRYON CARE HOME,3,18665.120000000003,care_or_education_placement,1,False,Barchester Healthcare Ltd - Mount Tryon Care Home,Private Contractors,Adult Social Care,74660.48000000001
MAYFAIR HOMECARE,17,18656.06,care_or_education_placement,1,False,Mayfair Homecare,Private Contractors,Adult Social Care,74624.24
SCBS,3,18319.27,general_procurement,1,False,SCBS LTD,Minor Works,Development & Housing,73277.08
ROSE ROAD ASSOCIATION,1,18316.64,general_procurement,1,False,Rose Road Association,Subscriptions,Education & SEND,73266.56
ACORNS NURSERY SCHOOL,1,18238.7,grant,1,False,ACORNS NURSERY SCHOOL,Grants,Education (DSG Funded) & Other Education Grants,72954.8
APPLE ORCHARD,11,18197.94,care_or_education_placement,1,False,APPLE ORCHARD,Private Contractors,Adult Social Care,72791.76
PAVILLION PUBLISHING AND MEDIA,2,18169.2,general_procurement,1,False,Pavillion Publishing and Media Ltd,Subscriptions,Adult Social Care,72676.8
SOLO SUPPORT SERVICES,3,18028.2,general_procurement,1,False,Solo Support Services,Direct Payment,Adult Social Care,72112.8
FIS PAYMENTS TRAVELODGE,2,17981.629999999997,premises_non_procurement,1,False,FIS PAYMENTS - TRAVELODGE,Rents,Development & Housing,71926.51999999999
PRIOR S COURT FOUNDATION,1,17974.0,grant,1,False,Prior's Court Foundation,Grants,Education (DSG Funded) & Other Education Grants,71896.0
PITCHBOOKING,2,17945.64,general_procurement,1,False,PITCHBOOKING  LTD,IT,Environment,71782.56
PRIVILEGE SUPPORTED CARE,3,17809.61,care_or_education_placement,1,False,Privilege Supported Care Ltd.,Private Contractors,Children's Social Care,71238.44
CARAVANTASTIC,1,17588.1,general_procurement,1,False,Caravantastic Ltd,Purchase of Equipment,Development & Housing,70352.4
KEYSTREAM GROUP,2,17545.0,general_procurement,1,False,KEYSTREAM GROUP LTD,Professional Fees,Strategy & Governance,70180.0
ELIALI MPC,6,17428.92,care_or_education_placement,1,False,EliAli MPC Ltd,Private Contractors,Children's Social Care,69715.68
ADELAIDE HEALTHCARE,3,17374.0,care_or_education_placement,1,False,Adelaide Healthcare Ltd,Private Contractors,Adult Social Care,69496.0
VOLUNTEER CENTRE WEST BERKSHIRE,2,17171.61,general_procurement,1,False,VOLUNTEER CENTRE WEST BERKSHIRE,Voluntary Associations,Environment,68686.44
S RICHARDS T AS K RICKETTS AND S RICHARDS TAXIS,8,17144.0,general_procurement,1,False,S RICHARDS T/AS K RICKETTS & S RICHARDS TAXIS,Transport Hire,Education & SEND,68576.0
PHS GROUP,3,17047.71,general_procurement,2,True,PHS GROUP PLC,Waste,Adult Social Care,68190.84
REDDY CARE,4,16941.59,care_or_education_placement,1,False,Reddy Care Ltd,Private Contractors,Adult Social Care,67766.36
WELFORD HEALTHCARE MC,3,16753.5,care_or_education_placement,1,False,Welford Healthcare MC Limited,Private Contractors,Adult Social Care,67014.0
COUNTRY COURT CARE HOMES 2,3,16607.699999999997,care_or_education_placement,1,False,Country Court Care Homes 2 Limited,Private Contractors,Adult Social Care,66430.79999999999
BEEHIVE ENTERPRISE,2,16539.46,care_or_education_placement,1,False,The Beehive Enterprise Limited t/a The Beehive Project,Private Contractors,Adult Social Care,66157.84
SHAW HEALTHCARE HOMEFIELD HOUSE NURSING HOME,4,16393.71,care_or_education_placement,1,False,Shaw Healthcare (Group) Limited - Homefield House Nursing Home,Private Contractors,Adult Social Care,65574.84
G7 BUSINESS SOLUTIONS,8,16364.56,general_procurement,1,False,G7 BUSINESS SOLUTIONS LIMITED,IT,"Finance, Property & Procurement",65458.24
LG FUTURES,2,16335.0,general_procurement,1,False,LG Futures,Professional Fees,"Finance, Property & Procurement",65340.0
ELECTORAL REFORM SERVICES,6,16323.69,general_procurement,1,False,Electoral Reform Services Ltd,IT,Strategy & Governance,65294.76
PORTHAVEN CARE HOMES,3,16294.39,care_or_education_placement,1,False,Porthaven Care Homes (Savernake View Care Home),Private Contractors,Adult Social Care,65177.56
MRI COMMUNITY SOFTWARE,2,16273.489999999998,general_procurement,1,False,MRI Community Software Limited,Project,Children's Social Care,65093.95999999999
AMR CONSULT,8,16149.82,general_procurement,1,False,AMR CONSULT LTD,Consultants,Education & SEND,64599.28
CROWN HOME CARE,3,16135.42,care_or_education_placement,1,False,Crown Home Care,Private Contractors,Adult Social Care,64541.68
ACER HEALTHCARE OPERATIONS,3,16133.0,care_or_education_placement,1,False,Acer Healthcare Operations Limited,Private Contractors,Adult Social Care,64532.0
MARNEL LODGE,3,16133.0,care_or_education_placement,1,False,MARNEL LODGE,Private Contractors,Adult Social Care,64532.0
LEASEPLAN,3,16087.15,premises_non_procurement,1,False,LEASEPLAN UK LTD,Lease car costs re employees,Education & SEND,64348.6
LYCETTE CARE,3,16083.359999999999,care_or_education_placement,1,False,Lycette Care T/A The Warren,Private Contractors,Adult Social Care,64333.439999999995
INKSPOTS,1,15918.03,grant,1,False,INKSPOTS,Grants,Education (DSG Funded) & Other Education Grants,63672.12
QUADIENT,4,15908.54,general_procurement,1,False,Quadient UK Ltd,Postage,"Transformation, Customer & ICT",63634.16
WESSEX LIFT COMPANY,1,15892.0,general_procurement,1,False,Wessex Lift Company Ltd,Minor Works,Development & Housing,63568.0
FOSTERING FOR YOU,4,15771.68,care_or_education_placement,1,False,FOSTERING FOR YOU LTD,Private Contractors,Children's Social Care,63086.72
JACQUELINE DAINTON,2,15596.56,grant,1,False,Jacqueline Dainton,Grants,Education (DSG Funded) & Other Education Grants,62386.24
MINERVA S VIRTUAL ACADEMY,3,15579.44,care_or_education_placement,1,False,Minerva’s Virtual Academy Ltd,Other agencies,Education (DSG Funded) & Other Education Grants,62317.76
BETHANY CARE TRUST,3,15512.5,care_or_education_placement,1,False,Bethany Care Trust,Voluntary Associations,Adult Social Care,62050.0
OCEAN COMMUNITY SERVICES LUDLOW STREET HEALTHCARE,3,15458.66,care_or_education_placement,1,False,Ocean Community Services - Ludlow Street Healthcare,Private Contractors,Adult Social Care,61834.64
MRS M F RICHARDSON,13,15365.0,general_procurement,1,False,MRS M F RICHARDSON T/A MFR Contracts,Transport Hire,Education & SEND,61460.0
ADAMS AND SUTHERLAND,1,15350.0,general_procurement,1,False,Adams & Sutherland,Consultants,Development & Housing,61400.0
MATRIX BOOKING,1,15300.0,general_procurement,1,False,Matrix Booking Limited,Licences,"Transformation, Customer & ICT",61200.0
ZAHRA UMAR,1,15242.04,grant,1,False,ZAHRA UMAR,Grants,Education (DSG Funded) & Other Education Grants,60968.16
PICKLES PLAYHOUSE,3,15211.03,grant,1,False,Pickles Playhouse,Grants,Education (DSG Funded) & Other Education Grants,60844.12
AMANDA COVENTRY,3,15151.460000000001,grant,1,False,AMANDA COVENTRY,Grants,Education (DSG Funded) & Other Education Grants,60605.840000000004
YOUNG PEOPLE AT HEART,3,15126.43,care_or_education_placement,1,False,Young People at Heart Ltd,Private Contractors,Children's Social Care,60505.72
ROYAL MASONIC BENEVOLENT INSTITUTION,3,15040.920000000002,care_or_education_placement,1,False,ROYAL MASONIC BENEVOLENT INSTITUTION,Private Contractors,Adult Social Care,60163.68000000001
ZURICH,3,15000.0,general_procurement,1,False,Zurich,Insurance Premiums,"Finance, Property & Procurement",60000.0
FLOORS MADE EASY,1,15000.0,general_procurement,1,False,Floors Made Easy Limited,Minor Works,Development & Housing,60000.0
EDUCAFE,1,15000.0,grant,1,False,Educafe CIC,Grants,Education & SEND,60000.0
HAYMARKET MEDIA GROUP,1,14995.0,general_procurement,1,False,Haymarket Media Group,Subscriptions,Development & Housing,59980.0
READING TRANSPORT,8,14965.55,general_procurement,1,False,READING TRANSPORT LTD,Public Transport,Environment,59862.2
BRENDONCARE FOUNDATION,3,14952.669999999998,care_or_education_placement,1,False,BRENDONCARE FOUNDATION (FROXFIELD),Voluntary Associations,Adult Social Care,59810.67999999999
MISS R E BROWN,3,14897.52,grant,1,False,MISS R E BROWN,Grants,Education (DSG Funded) & Other Education Grants,59590.08
DINGLEY PROMISE,2,14884.29,grant,1,False,DINGLEY PROMISE,Grants,Education (DSG Funded) & Other Education Grants,59537.16
MT PROPERTY CONSULTANTS,2,14820.0,general_procurement,1,False,MT Property Consultants Ltd,Consultants,Community Services,59280.0
WINDSOR FOREST COLLEGES GROUP,5,14717.92,care_or_education_placement,1,False,THE WINDSOR FOREST COLLEGES GROUP,Other agencies,Education (DSG Funded) & Other Education Grants,58871.68
ORDERS OF ST JOHN CARE TRUST MEADOWS,3,14664.9,care_or_education_placement,1,False,The Orders of St John Care Trust - The Meadows,Private Contractors,Adult Social Care,58659.6
D OSTEEN,14,14642.75,care_or_education_placement,1,False,D.Osteen Ltd t/a D.Osteen Homecare Support,Private Contractors,Adult Social Care,58571.0
GREATER LONDON FOSTERING,3,14560.0,care_or_education_placement,1,False,Greater London Fostering,Private Contractors,Children's Social Care,58240.0
ST ANDREWS SCHOOL PANGBOURNE,1,14530.07,grant,1,False,ST ANDREWS SCHOOL (PANGBOURNE,Grants,Education (DSG Funded) & Other Education Grants,58120.28
BRIDGE HOMES SUPPORT,4,14510.0,care_or_education_placement,1,False,Bridge Homes Support,Private Contractors,Children's Social Care,58040.0
SHILPI CHANDNA,1,14464.89,grant,1,False,SHILPI CHANDNA,Grants,Education (DSG Funded) & Other Education Grants,57859.56
BONDCARE,3,14414.19,care_or_education_placement,1,False,Bondcare (Henley) Ltd,Private Contractors,Adult Social Care,57656.76
MRS RUTH DELL,3,14283.18,grant,1,False,MRS RUTH DELL,Grants,Education (DSG Funded) & Other Education Grants,57132.72
PINNACLE CARE,3,14271.5,care_or_education_placement,1,False,PINNACLE CARE Ltd,Private Contractors,Adult Social Care,57086.0
ZOE ABBOTT,3,14192.880000000001,grant,1,False,ZOE ABBOTT,Grants,Education (DSG Funded) & Other Education Grants,56771.520000000004
VALUING CARE FINANCIAL MANAGEMENT,1,14166.66,general_procurement,1,False,VALUING CARE FINANCIAL MANAGEMENT LTD,Professional Fees,"Finance, Property & Procurement",56666.64
CITY OF LONDON,2,14165.0,general_procurement,1,False,CITY OF LONDON (COUNCILS),Professional Fees,Community Services,56660.0
SOUTH AFRICA LODGE,3,14146.919999999998,care_or_education_placement,1,False,South Africa Lodge,Private Contractors,Adult Social Care,56587.67999999999
SCANDOR LANDSCAPE CONTRACTORS,1,14082.88,general_procurement,1,False,SCANDOR LANDSCAPE CONTRACTORS LTD,Payment to contractor,Education & SEND,56331.52
JENNIFER THEARLE,3,14012.82,grant,1,False,JENNIFER THEARLE,Grants,Education (DSG Funded) & Other Education Grants,56051.28
CAMPHILL VILLAGE TRUST,5,14007.22,care_or_education_placement,1,False,The Camphill Village Trust Ltd,Private Contractors,Adult Social Care,56028.88
GO GREEN TAXIS,14,13974.25,general_procurement,1,False,Go Green Taxis Ltd,Transport Hire,Education & SEND,55897.0
GET ACTIVE SPORTS,1,13943.86,grant,1,False,GET ACTIVE SPORTS (RSR SPORTS LTD),Grants,Education & SEND,55775.44
PEOPLE CENTRED SUPPORT,4,13923.34,care_or_education_placement,1,False,People Centred Support Limited,Private Contractors,Adult Social Care,55693.36
SPARE CRIB GLOBAL,12,13915.0,premises_non_procurement,1,False,Spare Crib Global Limited,Rents,Adult Social Care,55660.0
ANDREW COX,8,13900.0,general_procurement,1,False,Andrew Cox,Transport Hire,Education & SEND,55600.0
WINDSOR CLINICAL AND HOME CARE SERVICES GROUP,3,13787.45,care_or_education_placement,1,False,Windsor Clinical and Home Care Services Group Ltd,Private Contractors,Adult Social Care,55149.8
ASHFORDS,3,13700.0,general_procurement,1,False,ASHFORDS LLP,Legal Fees,Strategy & Governance,54800.0
CELADOR APARTMENTS,5,13699.0,premises_non_procurement,1,False,CELADOR APARTMENTS,Rents,Development & Housing,54796.0
ANN ATKINS,3,13676.849999999999,grant,1,False,ANN ATKINS,Grants,Education (DSG Funded) & Other Education Grants,54707.399999999994
FLOURISH FOSTERING,3,13639.0,care_or_education_placement,1,False,Flourish Fostering Limited,Private Contractors,Children's Social Care,54556.0
MRS C A WISE,3,13415.34,grant,2,True,MRS C A WISE,Grants,Education (DSG Funded) & Other Education Grants,53661.36
ANCHOR VANS,1,13293.0,general_procurement,1,False,Anchor Vans Ltd.,Private Contractors,Community Services,53172.0
EXCALIBUR ACADEMIES TRUST JOHN O GAUNT SCHOOL,2,13265.85,premises_non_procurement,2,True,EXCALIBUR ACADEMIES TRUST - JOHN O'GAUNT SCHOOL,Rents,Community Services,53063.4
JJ AND S,3,13199.56,care_or_education_placement,1,False,JJ&S (CHIPPENHAM) LTD,Private Contractors,Adult Social Care,52798.24
HOLISTIC HOUSING AND CARE,5,13131.86,care_or_education_placement,1,False,Holistic Housing & Care Ltd,Private Contractors,Adult Social Care,52527.44
GLOBAL MEDIATION,21,13125.0,care_or_education_placement,1,False,Global Mediation,Other agencies,Education (DSG Funded) & Other Education Grants,52500.0
CHLOE GOULDING,1,13100.67,grant,1,False,Chloe Goulding,Grants,Education (DSG Funded) & Other Education Grants,52402.68
QUEEN MARY S COLLEGE,2,13034.01,care_or_education_placement,1,False,QUEEN MARY'S COLLEGE,Other agencies,Education (DSG Funded) & Other Education Grants,52136.04
AUTO SKILLS C I C,4,13015.0,care_or_education_placement,1,False,Auto Skills (Reading) C.I.C.,Other agencies,Education (DSG Funded) & Other Education Grants,52060.0
BOOKTRUST,1,12981.2,general_procurement,1,False,BOOKTRUST,Purchases Books & Publications,Education (DSG Funded) & Other Education Grants,51924.8
ENJOY TRAINING T AS REBEL BUSINESS SCHOOL,2,12950.0,grant,1,False,Enjoy Training Ltd t/as Rebel Business School,Grants,Education & SEND,51800.0
HOWDEN BROKERS,2,12866.92,general_procurement,1,False,Howden UK Brokers Limited,Insurance Premiums,"Finance, Property & Procurement",51467.68
COLLABORATIVE CARE SERVICES,3,12716.349999999999,care_or_education_placement,1,False,Collaborative Care Services Ltd,Private Contractors,Adult Social Care,50865.399999999994
JENNI JACKSON,3,12705.66,grant,1,False,JENNI JACKSON,Grants,Education (DSG Funded) & Other Education Grants,50822.64
LOVE LANE PRE SCHOOL,2,12691.380000000001,grant,1,False,LOVE LANE PRE SCHOOL,Grants,Education (DSG Funded) & Other Education Grants,50765.520000000004
FIDELITY HEALTHCARE MOORMEAD,3,12534.099999999999,care_or_education_placement,1,False,Fidelity Healthcare Moormead Limited,Private Contractors,Adult Social Care,50136.399999999994
LOUISE SPRULES,3,12513.150000000001,grant,1,False,LOUISE SPRULES,Grants,Education (DSG Funded) & Other Education Grants,50052.600000000006
PHOENIX COMMUNITY CARE,3,12505.56,care_or_education_placement,1,False,PHOENIX COMMUNITY CARE LTD,Private Contractors,Children's Social Care,50022.24
ORCHARDS,3,12502.8,care_or_education_placement,1,False,The Orchards,Private Contractors,Adult Social Care,50011.2
N MEHMOOD,7,12489.0,general_procurement,1,False,N Mehmood T/A A Star Executive Cars Ltd,Transport Hire,Education & SEND,49956.0
ST PETERS BRADFIELD PRE SCHOO,1,12471.08,grant,1,False,ST PETERS BRADFIELD PRE-SCHOO,Grants,Education (DSG Funded) & Other Education Grants,49884.32
MRS DENISE KAY,3,12455.94,grant,1,False,MRS DENISE KAY,Grants,Education (DSG Funded) & Other Education Grants,49823.76
AUDLEY CARE WHITE HORSE,10,12326.26,care_or_education_placement,1,False,AUDLEY CARE WHITE HORSE LTD,Private Contractors,Adult Social Care,49305.04
RH ENVIRONMENTAL,2,12322.0,general_procurement,1,False,RH Environmental Limited,Training,Community Services,49288.0
BRIGHTWALTON PRE SCHOOL NURSE,1,12282.13,grant,1,False,BRIGHTWALTON PRE SCHOOL NURSE,Grants,Education (DSG Funded) & Other Education Grants,49128.52
SEISMIC SEWAGE SYSTEMS,4,12260.0,general_procurement,1,False,SEISMIC SEWAGE SYSTEMS LTD,Private Contractors,Environment,49040.0
COMPASS FOSTERING SOUTH,3,12257.16,care_or_education_placement,1,False,Compass Fostering South Limited,Private Contractors,Children's Social Care,49028.64
GREAT SHEFFORD UNDER FIVES,1,12203.48,grant,1,False,GREAT SHEFFORD UNDER FIVES,Grants,Education (DSG Funded) & Other Education Grants,48813.92
EXACOM SYSTEMS,1,12105.85,general_procurement,1,False,Exacom Systems Ltd,IT,Development & Housing,48423.4
CACI,1,12071.67,general_procurement,1,False,CACI Limited,IT,Children's Social Care,48286.68
360 SECURITY AND SUPPORT SERVICES,12,11995.04,general_procurement,1,False,360 Security & Support Services Ltd,Corporate R&M,Development & Housing,47980.16
CARE HOME NEWBURY,9,11949.95,care_or_education_placement,1,False,Care @ Home Newbury Ltd,Private Contractors,Adult Social Care,47799.8
DNA HOME IMPROVEMENTS,5,11920.0,general_procurement,1,False,DNA HOME IMPROVEMENTS LTD,Corporate R&M,Environment,47680.0
PEOPLE MATTER SUPPORT SERVICES,2,11904.9,care_or_education_placement,1,False,PEOPLE MATTER SUPPORT SERVICES LTD,Private Contractors,Adult Social Care,47619.6
1ST CHOICE STAIRLIFTS,4,11827.0,general_procurement,1,False,1ST CHOICE STAIRLIFTS,Minor Works,Development & Housing,47308.0
PSS,8,11790.33,care_or_education_placement,1,False,PSS UK,Private Contractors,Adult Social Care,47161.32
INDIGENOUS BREWERY,3,11740.14,general_procurement,1,False,Indigenous Brewery Limited,Payment to contractor,Development & Housing,46960.56
WESTGATE HEALTHCARE ST PAULS CARE CENTRE,2,11739.119999999999,care_or_education_placement,1,False,Westgate Healthcare (Hemel Hempstead) Limited - St Pauls Care Centre,Private Contractors,Adult Social Care,46956.479999999996
KENNET AND AVON GROUP,7,11735.0,general_procurement,1,False,Kennet & Avon Group,Transport Hire,Education & SEND,46940.0
VIKKI WILLIAMS,3,11700.6,grant,1,False,VIKKI WILLIAMS,Grants,Education (DSG Funded) & Other Education Grants,46802.4
RIDGEWAY RISE CARE HOME,3,11669.96,care_or_education_placement,1,False,Ridgeway Rise Care Home,Private Contractors,Adult Social Care,46679.84
TOTHAM LODGE HOME FOR ELDERLY,3,11585.19,care_or_education_placement,1,False,TOTHAM LODGE HOME FOR THE ELDERLY,Private Contractors,Adult Social Care,46340.76
PEARLCARE HEATHERSIDE REST HOME,3,11585.19,care_or_education_placement,1,False,Pearlcare - Heatherside Rest Home,Private Contractors,Adult Social Care,46340.76
SOUTHERN COMMUNICATIONS CORPORATE SOLUTIONS,3,11492.23,general_procurement,1,False,Southern Communications Corporate Solutions Ltd,IT Equipment,"Transformation, Customer & ICT",45968.92
DIXON SEARLE PARTNERSHIP,5,11280.0,general_procurement,1,False,Dixon Searle Partnership,Professional Fees,Development & Housing,45120.0
HELEN REDDING EDUCATION CONSULTANCY,2,11237.5,general_procurement,1,False,Helen Redding Education Consultancy Ltd,Professional Fees,Education & SEND,44950.0
MILLY GAYNOR,3,11235.51,grant,1,False,MILLY GAYNOR,Grants,Education (DSG Funded) & Other Education Grants,44942.04
JOANNE WERNHAM,1,11220.11,grant,1,False,JOANNE WERNHAM,Grants,Education (DSG Funded) & Other Education Grants,44880.44
ST PHILIPS CARE CALEDONIA,3,11181.47,care_or_education_placement,1,False,St Philips Care Caledonia Ltd,Private Contractors,Adult Social Care,44725.88
PRESTIGE NETWORK,11,11179.73,general_procurement,1,False,PRESTIGE NETWORK,Professional Fees,Children's Social Care,44718.92
WESTLANDS CARE HOME,3,11176.08,care_or_education_placement,1,False,Westlands Care Home Ltd,Private Contractors,Adult Social Care,44704.32
CARNATION DAY CARE SERVICES,18,11173.86,care_or_education_placement,1,False,CARNATION DAY CARE SERVICES,Private Contractors,Adult Social Care,44695.44
ICHOOSR,1,11124.5,general_procurement,1,False,iChoosr Ltd,Professional Fees,Environment,44498.0
TAS CARE,3,11044.9,care_or_education_placement,1,False,TAS Care Limited T/A Rose Cottage Nursing Home,Private Contractors,Adult Social Care,44179.6
DAYS FLEET,1,11007.49,general_procurement,1,False,DAYS FLEET,Private Contractors,Environment,44029.96
SOFTCAT,2,11005.0,general_procurement,1,False,Softcat Ltd,IT,Education & SEND,44020.0
BLAKE MORGAN,2,10911.76,general_procurement,1,False,BLAKE MORGAN LLP,Legal Fees,"Finance, Property & Procurement",43647.04
SAMANTHA CARTER,3,10878.220000000001,grant,1,False,SAMANTHA CARTER,Grants,Education (DSG Funded) & Other Education Grants,43512.880000000005
HENWICK PROPERTIES,7,10842.71,premises_non_procurement,2,True,HENWICK PROPERTIES,Rents,Development & Housing,43370.84
A AND E FIRE AND SECURITY,9,10714.72,general_procurement,1,False,A&E FIRE & SECURITY LIMITED,Private Contractors,Development & Housing,42858.88
CATHERINE NASH,1,10574.19,grant,1,False,CATHERINE NASH,Grants,Education (DSG Funded) & Other Education Grants,42296.76
BRITISH TELECOM,3,10479.12,general_procurement,1,False,BRITISH TELECOM,Telephones,"Transformation, Customer & ICT",41916.48
JONES ROBINSON LETTINGS,4,10334.61,premises_non_procurement,1,False,Jones Robinson Lettings Ltd,Rents,Development & Housing,41338.44
NJM HUMPHRIES,4,10295.0,general_procurement,1,False,NJM HUMPHRIES T/A COACH MILES,Transport Hire,Education & SEND,41180.0
ELITE MINI COACHES,4,10199.0,general_procurement,1,False,Elite Mini Coaches Ltd,Transport Hire,Education & SEND,40796.0
ELITE SECURITY GROUP,9,10178.25,general_procurement,1,False,ELITE SECURITY GROUP,Corporate R&M,"Finance, Property & Procurement",40713.0
COMFORT CARE,4,10127.41,care_or_education_placement,1,False,Comfort Care (uk) ltd,Private Contractors,Adult Social Care,40509.64
HELEN MELVIN,1,10113.84,grant,1,False,HELEN MELVIN,Grants,Education (DSG Funded) & Other Education Grants,40455.36
DATTO EUROPE,1,10000.0,general_procurement,1,False,Datto Europe Limited,IT,"Transformation, Customer & ICT",40000.0
MR RIAZ SHEIKH,4,9997.5,general_procurement,1,False,MR RIAZ SHEIKH,Transport Hire,Education & SEND,39990.0
NADEEM MIRZA,7,9927.5,general_procurement,1,False,Nadeem Mirza Trading as Parker Travels,Transport Hire,Children's Social Care,39710.0
HANNING HOMES CARE,3,9892.78,care_or_education_placement,1,False,Hanning Homes Care Ltd,Private Contractors,Adult Social Care,39571.12
QUALITY CARE,3,9881.23,care_or_education_placement,1,False,Quality Care (Wales) Ltd,Private Contractors,Adult Social Care,39524.92
QUALITAS CARE,3,9876.279999999999,care_or_education_placement,1,False,Qualitas Care Ltd t/a Whitelow House Nursing Home,Private Contractors,Adult Social Care,39505.119999999995
GABRIEL S ANGELS,3,9850.32,care_or_education_placement,1,False,Gabriel’s Angels Ltd,Private Contractors,Adult Social Care,39401.28
LOCAL GOVERNMENT PROPERTY CONSULTANTS,2,9850.0,general_procurement,1,False,LOCAL GOVERNMENT PROPERTY CONSULTANTS (LGPC),Professional Fees,"Finance, Property & Procurement",39400.0
CRESCENT SIGNS,6,9791.0,general_procurement,1,False,CRESCENT SIGNS LTD,Direct Transport Costs,Environment,39164.0
MY SUPPORT AND CARE SERVICES,3,9788.52,care_or_education_placement,1,False,MY SUPPORT & CARE SERVICES (WEST COUNTRY) LTD,Private Contractors,Adult Social Care,39154.08
ELITE SYSTEMS,1,9677.86,general_procurement,1,False,Elite Systems (GB) Ltd,Payment to contractor,Community Services,38711.44
ASKEWS AND HOLTS LIBRARY SERVICES,14,9620.7,general_procurement,1,False,Askews and Holts Library Services Ltd,Payment to contractor,Community Services,38482.8
MRS GEORGINA D FISHER,1,9611.21,grant,1,False,MRS GEORGINA D FISHER,Grants,Education (DSG Funded) & Other Education Grants,38444.84
FOSTER CARE ASSOCIATES,3,9603.880000000001,care_or_education_placement,1,False,Foster Care Associates Limited,Private Contractors,Children's Social Care,38415.520000000004
SOUTH EAST EMPLOYERS,1,9600.0,general_procurement,1,False,SOUTH EAST EMPLOYERS,Subscriptions,Strategy & Governance,38400.0
ASTOUNDING CARE SERVICES,4,9526.52,care_or_education_placement,1,False,Astounding Care Services Ltd,Private Contractors,Adult Social Care,38106.08
FIDELITI,3,9521.0,general_procurement,1,False,FIDELITI LTD,Private Contractors,Strategy & Governance,38084.0
RICOH,1,9473.16,general_procurement,1,False,Ricoh UK Ltd,Private Contractors,"Transformation, Customer & ICT",37892.64
P APPLEYARD,9,9388.2,general_procurement,1,False,P. APPLEYARD (TOFFS CATERING),Catering,Community Services,37552.8
MCNAHA,2,9360.88,care_or_education_placement,1,False,Mcnaha Limited,Private Contractors,Children's Social Care,37443.52
EMS,3,9359.65,general_procurement,1,False,EMS LTD,Private Contractors,Environment,37438.6
OXFORD DIRECT SERVICES,1,9356.0,general_procurement,1,False,Oxford Direct Services Limited,Payment to contractor,Education & SEND,37424.0
POTTINGER S HIRE SERVICE,8,9352.5,general_procurement,1,False,POTTINGER'S HIRE SERVICE,Transport Hire,Education & SEND,37410.0
MJF RECORDS MANAGEMENT,3,9350.8,general_procurement,1,False,MJF Records Management,Archiving internal documents,"Transformation, Customer & ICT",37403.2
ALLIANCE LEISURE SERVICES,3,9350.0,general_procurement,1,False,Alliance Leisure Services Limited,Payment to contractor,Environment,37400.0
ZENA BENNETTS,3,9294.61,grant,1,False,ZENA BENNETTS,Grants,Education (DSG Funded) & Other Education Grants,37178.44
IN2CARE,1,9229.33,grant,1,False,IN2CARE LTD,Grants,Education & SEND,36917.32
SAFESPACES,1,9205.81,general_procurement,1,False,Safespaces (Cornholme) Ltd,Minor Works,Development & Housing,36823.24
FUNTASTIC KIDS,2,9153.43,general_procurement,2,True,Funtastic Kids Ltd,Training Third Parties,Education & SEND,36613.72
THEALE GREEN SCHOOL ACTIVATE LEARNING EDUCATION TRUST,2,9144.0,grant,1,False,THEALE GREEN SCHOOL - ACTIVATE LEARNING EDUCATION TRUST,Grants,Education (DSG Funded) & Other Education Grants,36576.0
MISS N A PIERCE,1,9106.02,grant,1,False,MISS N A PIERCE,Grants,Education (DSG Funded) & Other Education Grants,36424.08
TEMPLE LIFTS,3,9030.28,general_procurement,1,False,Temple Lifts (Southern) Ltd,Corporate R&M,Environment,36121.12
WENDY ELLIOTT,1,9029.2,grant,1,False,WENDY ELLIOTT,Grants,Education (DSG Funded) & Other Education Grants,36116.8
DPR CONSULTING SERVICES,1,9000.0,general_procurement,1,False,DPR Consulting Services Ltd,Professional Fees,Executive Director People - Children's Services,36000.0
SHARON SHEPPARD,1,8998.31,grant,1,False,SHARON SHEPPARD,Grants,Education (DSG Funded) & Other Education Grants,35993.24
HILLTOP HOUSE,5,8964.97,care_or_education_placement,1,False,Hilltop House Ltd,Private Contractors,Adult Social Care,35859.88
PINES RESIDENTIAL CARE HOME,6,8865.9,care_or_education_placement,1,False,The Pines Residential Care Home,Private Contractors,Adult Social Care,35463.6
ALLIED CARE SERVICES,3,8829.8,care_or_education_placement,1,False,Allied Care Services Limited T/A Ashamber Homes Ltd,Private Contractors,Adult Social Care,35319.2
REHABILITY COMMUNITY,3,8826.2,care_or_education_placement,1,False,Rehability UK Community Ltd,Private Contractors,Adult Social Care,35304.8
CARELINE,10,8823.1,care_or_education_placement,1,False,CARELINE,Private Contractors,Adult Social Care,35292.4
COMFI CARS,5,8820.0,general_procurement,1,False,COMFI CARS UK LIMITED,Transport Hire,Education & SEND,35280.0
ASTON CARE,3,8773.33,care_or_education_placement,1,False,Aston Care Ltd,Private Contractors,Adult Social Care,35093.32
CHARMAINE LE ROUX,1,8767.22,grant,1,False,CHARMAINE LE ROUX,Grants,Education (DSG Funded) & Other Education Grants,35068.88
KAYLEE KINDER,2,8744.44,grant,1,False,KAYLEE KINDER,Grants,Education (DSG Funded) & Other Education Grants,34977.76
APPELLO T AS CARELINE,1,8741.0,general_procurement,1,False,Appello T/As Careline Ltd,Private Contractors,Community Services,34964.0
LITTLE ME DAY NURSERIES,2,8715.99,care_or_education_placement,1,False,Little Me Day Nurseries Ltd (Thatcham),Other agencies,Education (DSG Funded) & Other Education Grants,34863.96
AMY HAINES,3,8650.720000000001,grant,1,False,AMY HAINES,Grants,Education (DSG Funded) & Other Education Grants,34602.880000000005
SSE ENERGY SOLUTIONS,8,8646.32,general_procurement,1,False,SSE ENERGY SOLUTIONS,Energy costs,Environment,34585.28
ASTRAL PS,1,8592.0,general_procurement,1,False,Astral PS Ltd,IT,Development & Housing,34368.0
STEPHANIE SPEAKE,1,8512.02,grant,1,False,Stephanie Speake,Grants,Education (DSG Funded) & Other Education Grants,34048.08
LUCIE MILLON,1,8498.45,grant,1,False,LUCIE MILLON,Grants,Education (DSG Funded) & Other Education Grants,33993.8
DUNRAVEN HOUSE,3,8490.470000000001,care_or_education_placement,1,False,DUNRAVEN HOUSE,Private Contractors,Adult Social Care,33961.880000000005
BDI SECURITIES,3,8358.029999999999,general_procurement,1,False,BDI Securities Ltd,Private Contractors,Environment,33432.119999999995
KENNET SCHOOL,4,8344.0,grant,1,False,KENNET SCHOOL,Grants,Education (DSG Funded) & Other Education Grants,33376.0
STROKE CARE FOR NEWBURY AND WEST BERKSHIRE,1,8332.5,care_or_education_placement,1,False,STROKE CARE FOR NEWBURY AND WEST BERKSHIRE,Voluntary Associations,Adult Social Care,33330.0
EE,3,8312.11,general_procurement,1,False,EE Ltd,Telephones,"Transformation, Customer & ICT",33248.44
ELEGANT CARE SERVICES,2,8184.0,care_or_education_placement,1,False,Elegant Care Services Ltd,Private Contractors,Adult Social Care,32736.0
HORSEMAN COACHES,2,8176.72,general_procurement,1,False,HORSEMAN COACHES LTD,Transport Hire,Education & SEND,32706.88
ARNFIELD CARE,2,8144.120000000001,care_or_education_placement,2,True,ARNFIELD CARE LTD,Private Contractors,Children's Social Care,32576.480000000003
NCER,1,8127.22,general_procurement,1,False,NCER,Subscriptions,Education & SEND,32508.88
CHIPSIDE,7,8063.76,general_procurement,1,False,Chipside Ltd,Private Contractors,Environment,32255.04
MANDY VAN KEMPEN,3,8060.879999999999,grant,1,False,MANDY VAN KEMPEN,Grants,Education (DSG Funded) & Other Education Grants,32243.519999999997
MAIDEN ERLEGH TRUST TA JOHN RANKIN SCHOOLS,3,8046.87,grant,2,True,Maiden Erlegh Trust TA John Rankin Schools,Grants,Education (DSG Funded) & Other Education Grants,32187.48
PREPAID FINANCIAL SERVICES,9,8010.0,general_procurement,2,True,PREPAID FINANCIAL SERVICES,Purchase - Equipment,Adult Social Care,32040.0
SYNCARE,11,8002.55,general_procurement,1,False,SYNCARE T/A REDLAND HEALTHCARE LTD,Purchase - Equipment,Adult Social Care,32010.2
E WALLET,4,8000.0,general_procurement,1,False,E-WALLET,Allowances for provision care,Children's Social Care,32000.0
TEEN PROJECT,1,7999.0,general_procurement,1,False,The Teen Project CIC,Professional Fees,Public Health & Wellbeing,31996.0
ENGLEFIELD ESTATE LP,1,7990.25,premises_non_procurement,1,False,ENGLEFIELD ESTATE LP,Rents,Development & Housing,31961.0
WENDY KIM ELLIOTT,3,7983.36,grant,1,False,WENDY KIM ELLIOTT,Grants,Education (DSG Funded) & Other Education Grants,31933.44
CHUBB FIRE AND SECURITY,4,7870.02,general_procurement,1,False,Chubb Fire & Security Ltd,Repairs - Equipment,Environment,31480.08
KCARE NURSING AGENCY,8,7828.42,care_or_education_placement,1,False,KCARE NURSING AGENCY LTD,Private Contractors,Adult Social Care,31313.68
PINNACLE HOUSING CA STERLING GARDEN RENT,4,7774.040000000001,general_procurement,2,True,PINNACLE HOUSING LIMITED CA STERLING GARDEN RENT,Contributions,Development & Housing,31096.160000000003
SMS ENVIRONMENTAL,7,7758.91,general_procurement,1,False,SMS-Environmental Ltd,Corporate R&M,Adult Social Care,31035.64
GLOUCESTERSHIRE COUNTY COUNCIL,1,7690.28,care_or_education_placement,1,False,GLOUCESTERSHIRE COUNTY COUNCIL,Private Contractors,Adult Social Care,30761.12
AERO PROPERTY CONSULTANTS,5,7680.0,general_procurement,1,False,AERO PROPERTY CONSULTANTS,Consultants,Education & SEND,30720.0
RGC CONSTRUCTION,1,7655.8,general_procurement,1,False,RGC CONSTRUCTION,Minor Works,Development & Housing,30623.2
YOUNG GIANTS,6,7633.0,care_or_education_placement,1,False,Young Giants Ltd.,Other agencies,Education (DSG Funded) & Other Education Grants,30532.0
BURGHFIELD AND MORTIMER H BUS,1,7612.65,general_procurement,1,False,BURGHFIELD AND MORTIMER H/BUS,Voluntary Associations,Environment,30450.6
PEEP LEARNING,1,7600.0,general_procurement,1,False,Peep Learning Ltd,Project,Children's Social Care,30400.0
LINDSAY O RIORDAN,1,7572.61,grant,1,False,LINDSAY O'RIORDAN,Grants,Education (DSG Funded) & Other Education Grants,30290.44
DEBORAH CALDER,1,7572.31,grant,1,False,DEBORAH CALDER,Grants,Education (DSG Funded) & Other Education Grants,30289.24
WYNNE WILLIAMS ASSOCIATES,3,7511.0,general_procurement,1,False,WYNNE-WILLIAMS ASSOCIATES,Consultants,Education & SEND,30044.0
ABBEYFIELD SOCIETY WINNERSH,3,7469.380000000001,care_or_education_placement,1,False,The Abbeyfield Society - Winnersh,Private Contractors,Adult Social Care,29877.520000000004
BARCHESTER HEALTHCARE ROTHSAY GRANGE,3,7420.219999999999,care_or_education_placement,1,False,Barchester Healthcare - Rothsay Grange,Private Contractors,Adult Social Care,29680.879999999997
B L I S S SUPPORT SERVICES,1,7414.37,care_or_education_placement,1,False,B.L.I.S.S. Support Services Limited,Private Contractors,Adult Social Care,29657.48
ALEXANDER S SUPPORTED LIVING,3,7395.13,care_or_education_placement,1,False,Alexander's Supported Living Ltd,Private Contractors,Adult Social Care,29580.52
OLIVIA HOPKINS,3,7390.02,grant,1,False,OLIVIA HOPKINS,Grants,Education (DSG Funded) & Other Education Grants,29560.08
METRIC GROUP,3,7361.3,general_procurement,1,False,METRIC GROUP LTD,Repairs - Equipment,Environment,29445.2
ADF ENVIRONMENTAL,4,7345.0,general_procurement,1,False,ADF ENVIRONMENTAL LTD,Consultants,Development & Housing,29380.0
MISS L A JAY,3,7324.02,grant,1,False,MISS L A JAY,Grants,Education (DSG Funded) & Other Education Grants,29296.08
TUSKERDIRECT,4,7320.32,general_procurement,1,False,Tuskerdirect Ltd,Private Contractors,Strategy & Governance,29281.28
CHURCHEND PRIMARY SCHOOL,1,7256.29,care_or_education_placement,1,False,Churchend Primary School (Orchard Learning Alliance),Other agencies,Education (DSG Funded) & Other Education Grants,29025.16
CAREBUS VOLUNTEER GROUP,1,7252.63,general_procurement,1,False,CAREBUS VOLUNTEER GROUP,Voluntary Associations,Environment,29010.52
MRS D C HUTCHINS,1,7241.55,grant,1,False,MRS D C HUTCHINS,Grants,Education (DSG Funded) & Other Education Grants,28966.2
CAMBURG COLLECTIVE,1,7150.0,general_procurement,1,False,Camburg Collective Limited,Professional Fees,Executive Director - Resources,28600.0
CALL US,4,7084.2,care_or_education_placement,1,False,CALL US,Private Contractors,Adult Social Care,28336.8
ARLINGCLOSE,1,7050.0,general_procurement,1,False,Arlingclose Ltd,Professional Fees,"Finance, Property & Procurement",28200.0
MRS R CAIN,1,6945.05,grant,1,False,MRS R CAIN,Grants,Education (DSG Funded) & Other Education Grants,27780.2
LAURA WEBB,1,6902.87,grant,1,False,LAURA WEBB,Grants,Education (DSG Funded) & Other Education Grants,27611.48
ELSTREE SCHOOL,1,6776.43,grant,1,False,ELSTREE SCHOOL,Grants,Education (DSG Funded) & Other Education Grants,27105.72
GOLDEN LANE HOUSING,5,6764.42,care_or_education_placement,1,False,GOLDEN LANE HOUSING,Private Contractors,Adult Social Care,27057.68
FIELDWORK REST AND PLAY,2,6760.0,general_procurement,1,False,FIELDWORK REST & PLAY LTD,Repairs - Equipment,Environment,27040.0
HENLEY ON THAMES SURVEYORS,4,6700.0,general_procurement,1,False,Henley on Thames Surveyors Ltd Trading as Henley Surveying and Design Services,Professional Fees,Community Services,26800.0
ALISON CONQUER,1,6676.56,grant,1,False,ALISON CONQUER,Grants,Education (DSG Funded) & Other Education Grants,26706.24
A34 PCN,1,6670.21,general_procurement,1,False,A34 PCN,IT,Adult Social Care,26680.84
WASHCO,4,6653.0,general_procurement,2,True,WASHCO,Purchase - Equipment,Children's Social Care,26612.0
ACCESS,2,6650.0,general_procurement,1,False,ACCESS UK LIMITED,IT,Adult Social Care - Transformation Projects,26600.0
LORAINE BROWN,1,6638.35,grant,1,False,Loraine Brown,Grants,Education (DSG Funded) & Other Education Grants,26553.4
RAIL SETTLEMENT,2,6607.0,general_procurement,1,False,Rail Settlement,Public Transport,Children's Social Care,26428.0
MS NATASHA BUCKLEY,1,6593.8,grant,1,False,MS NATASHA BUCKLEY,Grants,Education (DSG Funded) & Other Education Grants,26375.2
INTELLIDENT,1,6571.0,general_procurement,1,False,Intellident Ltd t/a Bibliotheca,IT,Community Services,26284.0
R AND G SMITH,2,6565.0,general_procurement,1,False,R & G SMITH (SOUTHERN) LTD,Corporate R&M,Community Services,26260.0
KINGDOM YOUTH SERVICES,1,6555.71,care_or_education_placement,1,False,Kingdom Youth Services Ltd,Private Contractors,Children's Social Care,26222.84
RECOVERY IN MIND 2016,1,6552.0,grant,1,False,RECOVERY IN MIND 2016 CIC,Grants,Education & SEND,26208.0
RYGOR COMMERCIALS,5,6545.139999999999,general_procurement,1,False,Rygor Commercials Ltd,Direct Transport Costs,Environment,26180.559999999998
KENVER HOUSE,3,6489.17,care_or_education_placement,1,False,Kenver House Ltd,Private Contractors,Adult Social Care,25956.68
SSE POWER DISTRIBUTION,1,6441.47,general_procurement,1,False,SSE POWER DISTRIBUTION LIMITED,Payment to contractor,Environment,25765.88
MRS L PEPPER,1,6403.92,grant,1,False,MRS L PEPPER,Grants,Education (DSG Funded) & Other Education Grants,25615.68
DOWNLAND VOLUNTEER GROUP,1,6387.2,general_procurement,1,False,DOWNLAND VOLUNTEER GROUP,Voluntary Associations,Environment,25548.8
NAGELS,1,6385.0,general_procurement,1,False,Nagels (UK) Ltd,Private Contractors,Environment,25540.0
EDINGTON SPINK AND HYNE,2,6370.0,general_procurement,1,False,EDINGTON SPINK & HYNE LIMITED,Survey,Education & SEND,25480.0
ALL SEASONS CARE SERVICES,5,6343.67,care_or_education_placement,1,False,All Seasons Care Services Limited,Private Contractors,Adult Social Care,25374.68
LAURA VAN EYCK,1,6299.37,grant,1,False,LAURA VAN EYCK,Grants,Education (DSG Funded) & Other Education Grants,25197.48
MRS JUDY TIDBURY,1,6286.9,grant,1,False,MRS JUDY TIDBURY,Grants,Education (DSG Funded) & Other Education Grants,25147.6
READING REFUGEE SUPPORT GROUP,8,6279.599999999999,general_procurement,1,False,Reading Refugee Support Group,Private Contractors,Development & Housing,25118.399999999998
LOCATE ACCOMMODATION,4,6279.42,care_or_education_placement,1,False,Locate Accommodation Limited,Private Contractors,Children's Social Care,25117.68
SEABROOK SERVICES,2,6258.24,care_or_education_placement,1,False,Seabrook Services Ltd,Private Contractors,Adult Social Care,25032.96
