Notice Identifier,Title,OJEU Procedure Type,Awarded Value,Contract start date,Contract end date,Awarded Date,Published Date,suppliers_on_notice,supplier_name,companies_house_no,supplier_norm,active,ended_before_window
IT-402-974-P00000974 - AWARD,West Berkshire Adult Advocacy Services - AWARD,Open,0.0,2023-10-01,2028-09-30,2023-07-07,2023-10-10,2,Swan Advocacy Network,,SWAN ADVOCACY NETWORK,True,False
IT-402-974-P00000974 - AWARD,West Berkshire Adult Advocacy Services - AWARD,Open,0.0,2023-10-01,2028-09-30,2023-07-07,2023-10-10,2,The Advocacy People,,ADVOCACY PEOPLE,True,False
P00000986,Domestic Abuse Needs Assessment - West Berkshire Council,OpenNonOJEU,25000.0,2023-04-01,2023-09-30,2023-03-28,2023-03-29,1,Davis and Associates Consultancy Limited,12275219,DAVIS AND ASSOCIATES CONSULTANCY,False,True
P00001196,Sexual Health Training Services,OpenNonOJEU,17500.0,2023-09-15,2027-03-31,2023-09-18,2023-09-18,1,School of Sexuality Education Ltd,10625640,SCHOOL OF SEXUALITY EDUCATION,True,False
IT-402-1452-P00001452 - AWARD,"West Berkshire Council Streetworks Permit Scheme Year 9 evaluation, Traffic Sensitive Streets review and Lane Rental feasibility study - AWARD",Restricted,24500.0,2024-11-04,2025-03-31,2024-10-24,2024-11-07,1,GeoPlace LLP,,GEOPLACE,False,True
P00000715,Audio Visual Requirement - West Berkshire Council Corporate Offices,Other Request for Quotation (closed procedure),67828.0,2022-07-01,2022-09-30,2022-06-07,2022-06-23,1,On-AV Ltd,09009380,ON AV,False,True
IT-402-1083-P00001083 - AWARD,Refurbishment of  5 properties with safety certification and to a lettable standard as directed by West Berkshire Council - AWARD,Open,0.0,2023-07-14,2024-03-31,2024-07-18,2024-06-18,1,Berkshire Mechanical Services,,BERKSHIRE MECHANICAL SERVICES,False,True
IT-402-911-P00000911 - AWARD,Fleet Vehicle and Maintenance Services for West Berkshire Council - AWARD,Open,38567.08,2023-05-08,2027-05-07,2023-06-27,2023-06-27,1,EA Recovery & Contracting Services Ltd. T/A Station Tyres &a,,EA RECOVERY AND CONTRACTING SERVICES,True,False
West Berkshire Council Transport Dynamic Purchasing System (DPS) Ongoing awards July-Sept 2025,West Berkshire Council Transport - Dynamic Purchasing System (DPS) ongoing awards July-Sept 2025,CallOffFromDynamicPurchasingSystem,7674269.1,2025-08-01,2030-07-31,2025-07-07,2025-12-16,18,A Star Executive Cars,14996544,A STAR EXECUTIVE CARS,True,False
West Berkshire Council Transport Dynamic Purchasing System (DPS) Ongoing awards July-Sept 2025,West Berkshire Council Transport - Dynamic Purchasing System (DPS) ongoing awards July-Sept 2025,CallOffFromDynamicPurchasingSystem,7674269.1,2025-08-01,2030-07-31,2025-07-07,2025-12-16,18,A1 Cars Reading,7132400192,A1 CARS READING,True,False
West Berkshire Council Transport Dynamic Purchasing System (DPS) Ongoing awards July-Sept 2025,West Berkshire Council Transport - Dynamic Purchasing System (DPS) ongoing awards July-Sept 2025,CallOffFromDynamicPurchasingSystem,7674269.1,2025-08-01,2030-07-31,2025-07-07,2025-12-16,18,ABC Travel,10861375,ABC TRAVEL,True,False
West Berkshire Council Transport Dynamic Purchasing System (DPS) Ongoing awards July-Sept 2025,West Berkshire Council Transport - Dynamic Purchasing System (DPS) ongoing awards July-Sept 2025,CallOffFromDynamicPurchasingSystem,7674269.1,2025-08-01,2030-07-31,2025-07-07,2025-12-16,18,Air Premier Cars Berkshire Ltd T/A Broadway Cars,8776442,AIR PREMIER CARS BERKSHIRE,True,False
West Berkshire Council Transport Dynamic Purchasing System (DPS) Ongoing awards July-Sept 2025,West Berkshire Council Transport - Dynamic Purchasing System (DPS) ongoing awards July-Sept 2025,CallOffFromDynamicPurchasingSystem,7674269.1,2025-08-01,2030-07-31,2025-07-07,2025-12-16,18,Alanis Coach Travel,14461234,ALANIS COACH TRAVEL,True,False
West Berkshire Council Transport Dynamic Purchasing System (DPS) Ongoing awards July-Sept 2025,West Berkshire Council Transport - Dynamic Purchasing System (DPS) ongoing awards July-Sept 2025,CallOffFromDynamicPurchasingSystem,7674269.1,2025-08-01,2030-07-31,2025-07-07,2025-12-16,18,Andys Taxis,,ANDYS TAXIS,True,False
West Berkshire Council Transport Dynamic Purchasing System (DPS) Ongoing awards July-Sept 2025,West Berkshire Council Transport - Dynamic Purchasing System (DPS) ongoing awards July-Sept 2025,CallOffFromDynamicPurchasingSystem,7674269.1,2025-08-01,2030-07-31,2025-07-07,2025-12-16,18,Bluebird Passenger Services,,BLUEBIRD PASSENGER SERVICES,True,False
West Berkshire Council Transport Dynamic Purchasing System (DPS) Ongoing awards July-Sept 2025,West Berkshire Council Transport - Dynamic Purchasing System (DPS) ongoing awards July-Sept 2025,CallOffFromDynamicPurchasingSystem,7674269.1,2025-08-01,2030-07-31,2025-07-07,2025-12-16,18,Comfi Cars UK Limited,11314026,COMFI CARS,True,False
West Berkshire Council Transport Dynamic Purchasing System (DPS) Ongoing awards July-Sept 2025,West Berkshire Council Transport - Dynamic Purchasing System (DPS) ongoing awards July-Sept 2025,CallOffFromDynamicPurchasingSystem,7674269.1,2025-08-01,2030-07-31,2025-07-07,2025-12-16,18,Compass Executive Cars,08274551,COMPASS EXECUTIVE CARS,True,False
West Berkshire Council Transport Dynamic Purchasing System (DPS) Ongoing awards July-Sept 2025,West Berkshire Council Transport - Dynamic Purchasing System (DPS) ongoing awards July-Sept 2025,CallOffFromDynamicPurchasingSystem,7674269.1,2025-08-01,2030-07-31,2025-07-07,2025-12-16,18,DJ Travel of Berkshire Ltd,06683216,DJ TRAVEL OF BERKSHIRE,True,False
West Berkshire Council Transport Dynamic Purchasing System (DPS) Ongoing awards July-Sept 2025,West Berkshire Council Transport - Dynamic Purchasing System (DPS) ongoing awards July-Sept 2025,CallOffFromDynamicPurchasingSystem,7674269.1,2025-08-01,2030-07-31,2025-07-07,2025-12-16,18,FD Travels Ltd t/a School Express,084693784,FD TRAVELS,True,False
West Berkshire Council Transport Dynamic Purchasing System (DPS) Ongoing awards July-Sept 2025,West Berkshire Council Transport - Dynamic Purchasing System (DPS) ongoing awards July-Sept 2025,CallOffFromDynamicPurchasingSystem,7674269.1,2025-08-01,2030-07-31,2025-07-07,2025-12-16,18,Golden Aura Care,14963438,GOLDEN AURA CARE,True,False
West Berkshire Council Transport Dynamic Purchasing System (DPS) Ongoing awards July-Sept 2025,West Berkshire Council Transport - Dynamic Purchasing System (DPS) ongoing awards July-Sept 2025,CallOffFromDynamicPurchasingSystem,7674269.1,2025-08-01,2030-07-31,2025-07-07,2025-12-16,18,Miracle Taxis LTD t/a Premier Cars,2802320,MIRACLE TAXIS,True,False
West Berkshire Council Transport Dynamic Purchasing System (DPS) Ongoing awards July-Sept 2025,West Berkshire Council Transport - Dynamic Purchasing System (DPS) ongoing awards July-Sept 2025,CallOffFromDynamicPurchasingSystem,7674269.1,2025-08-01,2030-07-31,2025-07-07,2025-12-16,18,Pottingers Hire Services,,POTTINGERS HIRE SERVICES,True,False
West Berkshire Council Transport Dynamic Purchasing System (DPS) Ongoing awards July-Sept 2025,West Berkshire Council Transport - Dynamic Purchasing System (DPS) ongoing awards July-Sept 2025,CallOffFromDynamicPurchasingSystem,7674269.1,2025-08-01,2030-07-31,2025-07-07,2025-12-16,18,Prompt Cars,12588541,PROMPT CARS,True,False
West Berkshire Council Transport Dynamic Purchasing System (DPS) Ongoing awards July-Sept 2025,West Berkshire Council Transport - Dynamic Purchasing System (DPS) ongoing awards July-Sept 2025,CallOffFromDynamicPurchasingSystem,7674269.1,2025-08-01,2030-07-31,2025-07-07,2025-12-16,18,Southern Coach Lines Ltd T/A Aldermaston Coach Lines,11366175,SOUTHERN COACH LINES,True,False
West Berkshire Council Transport Dynamic Purchasing System (DPS) Ongoing awards July-Sept 2025,West Berkshire Council Transport - Dynamic Purchasing System (DPS) ongoing awards July-Sept 2025,CallOffFromDynamicPurchasingSystem,7674269.1,2025-08-01,2030-07-31,2025-07-07,2025-12-16,18,Valley Cars,929175202,VALLEY CARS,True,False
West Berkshire Council Transport Dynamic Purchasing System (DPS) Ongoing awards July-Sept 2025,West Berkshire Council Transport - Dynamic Purchasing System (DPS) ongoing awards July-Sept 2025,CallOffFromDynamicPurchasingSystem,7674269.1,2025-08-01,2030-07-31,2025-07-07,2025-12-16,18,Weavaway Travel Group Ltd,06065092,WEAVAWAY TRAVEL GROUP,True,False
West Berkshire Council Transport - Dynamic Purchasing System (DPS) ongoing awards Oct-Dec 2025,West Berkshire Council Transport - Dynamic Purchasing System (DPS) ongoing awards Oct-Dec 2025,CallOffFromDynamicPurchasingSystem,835770.75,2025-11-10,2030-07-31,2025-11-09,2026-05-11,12,A1 Cars,,A1 CARS,True,False
West Berkshire Council Transport - Dynamic Purchasing System (DPS) ongoing awards Oct-Dec 2025,West Berkshire Council Transport - Dynamic Purchasing System (DPS) ongoing awards Oct-Dec 2025,CallOffFromDynamicPurchasingSystem,835770.75,2025-11-10,2030-07-31,2025-11-09,2026-05-11,12,ABC Travel,10861375,ABC TRAVEL,True,False
West Berkshire Council Transport - Dynamic Purchasing System (DPS) ongoing awards Oct-Dec 2025,West Berkshire Council Transport - Dynamic Purchasing System (DPS) ongoing awards Oct-Dec 2025,CallOffFromDynamicPurchasingSystem,835770.75,2025-11-10,2030-07-31,2025-11-09,2026-05-11,12,Alanis Coach Travel,14461234,ALANIS COACH TRAVEL,True,False
West Berkshire Council Transport - Dynamic Purchasing System (DPS) ongoing awards Oct-Dec 2025,West Berkshire Council Transport - Dynamic Purchasing System (DPS) ongoing awards Oct-Dec 2025,CallOffFromDynamicPurchasingSystem,835770.75,2025-11-10,2030-07-31,2025-11-09,2026-05-11,12,Bluebird Passenger Services,,BLUEBIRD PASSENGER SERVICES,True,False
West Berkshire Council Transport - Dynamic Purchasing System (DPS) ongoing awards Oct-Dec 2025,West Berkshire Council Transport - Dynamic Purchasing System (DPS) ongoing awards Oct-Dec 2025,CallOffFromDynamicPurchasingSystem,835770.75,2025-11-10,2030-07-31,2025-11-09,2026-05-11,12,Compass Executive Cars,08274551,COMPASS EXECUTIVE CARS,True,False
West Berkshire Council Transport - Dynamic Purchasing System (DPS) ongoing awards Oct-Dec 2025,West Berkshire Council Transport - Dynamic Purchasing System (DPS) ongoing awards Oct-Dec 2025,CallOffFromDynamicPurchasingSystem,835770.75,2025-11-10,2030-07-31,2025-11-09,2026-05-11,12,DJ Travel of Berkshire Ltd,06683216,DJ TRAVEL OF BERKSHIRE,True,False
West Berkshire Council Transport - Dynamic Purchasing System (DPS) ongoing awards Oct-Dec 2025,West Berkshire Council Transport - Dynamic Purchasing System (DPS) ongoing awards Oct-Dec 2025,CallOffFromDynamicPurchasingSystem,835770.75,2025-11-10,2030-07-31,2025-11-09,2026-05-11,12,Elite Mini Coaches,09538908,ELITE MINI COACHES,True,False
West Berkshire Council Transport - Dynamic Purchasing System (DPS) ongoing awards Oct-Dec 2025,West Berkshire Council Transport - Dynamic Purchasing System (DPS) ongoing awards Oct-Dec 2025,CallOffFromDynamicPurchasingSystem,835770.75,2025-11-10,2030-07-31,2025-11-09,2026-05-11,12,FD Travels Ltd t/a School Express,084693784,FD TRAVELS,True,False
West Berkshire Council Transport - Dynamic Purchasing System (DPS) ongoing awards Oct-Dec 2025,West Berkshire Council Transport - Dynamic Purchasing System (DPS) ongoing awards Oct-Dec 2025,CallOffFromDynamicPurchasingSystem,835770.75,2025-11-10,2030-07-31,2025-11-09,2026-05-11,12,Golden Aura Care,14963438,GOLDEN AURA CARE,True,False
West Berkshire Council Transport - Dynamic Purchasing System (DPS) ongoing awards Oct-Dec 2025,West Berkshire Council Transport - Dynamic Purchasing System (DPS) ongoing awards Oct-Dec 2025,CallOffFromDynamicPurchasingSystem,835770.75,2025-11-10,2030-07-31,2025-11-09,2026-05-11,12,Penmar Transport,06583606,PENMAR TRANSPORT,True,False
West Berkshire Council Transport - Dynamic Purchasing System (DPS) ongoing awards Oct-Dec 2025,West Berkshire Council Transport - Dynamic Purchasing System (DPS) ongoing awards Oct-Dec 2025,CallOffFromDynamicPurchasingSystem,835770.75,2025-11-10,2030-07-31,2025-11-09,2026-05-11,12,Premier Cars,2802320,PREMIER CARS,True,False
West Berkshire Council Transport - Dynamic Purchasing System (DPS) ongoing awards Oct-Dec 2025,West Berkshire Council Transport - Dynamic Purchasing System (DPS) ongoing awards Oct-Dec 2025,CallOffFromDynamicPurchasingSystem,835770.75,2025-11-10,2030-07-31,2025-11-09,2026-05-11,12,Prompt Cars,12588541,PROMPT CARS,True,False
West Berkshire Council Transport - Dynamic Purchasing System (DPS) ongoing awards Jan-Mar 2026,West Berkshire Council Transport - Dynamic Purchasing System (DPS) ongoing awards Jan-Mar 2026,CallOffFromDynamicPurchasingSystem,438156.0,2026-02-10,2029-07-31,2026-02-09,2026-06-03,5,A Star Executive Cars,14996544,A STAR EXECUTIVE CARS,True,False
West Berkshire Council Transport - Dynamic Purchasing System (DPS) ongoing awards Jan-Mar 2026,West Berkshire Council Transport - Dynamic Purchasing System (DPS) ongoing awards Jan-Mar 2026,CallOffFromDynamicPurchasingSystem,438156.0,2026-02-10,2029-07-31,2026-02-09,2026-06-03,5,ABC Travel LTD,10861375,ABC TRAVEL,True,False
West Berkshire Council Transport - Dynamic Purchasing System (DPS) ongoing awards Jan-Mar 2026,West Berkshire Council Transport - Dynamic Purchasing System (DPS) ongoing awards Jan-Mar 2026,CallOffFromDynamicPurchasingSystem,438156.0,2026-02-10,2029-07-31,2026-02-09,2026-06-03,5,Ace Wheelchair Travel,296285946,ACE WHEELCHAIR TRAVEL,True,False
West Berkshire Council Transport - Dynamic Purchasing System (DPS) ongoing awards Jan-Mar 2026,West Berkshire Council Transport - Dynamic Purchasing System (DPS) ongoing awards Jan-Mar 2026,CallOffFromDynamicPurchasingSystem,438156.0,2026-02-10,2029-07-31,2026-02-09,2026-06-03,5,Compass Executive Cars,08274551,COMPASS EXECUTIVE CARS,True,False
West Berkshire Council Transport - Dynamic Purchasing System (DPS) ongoing awards Jan-Mar 2026,West Berkshire Council Transport - Dynamic Purchasing System (DPS) ongoing awards Jan-Mar 2026,CallOffFromDynamicPurchasingSystem,438156.0,2026-02-10,2029-07-31,2026-02-09,2026-06-03,5,Prompt Cars,12588541,PROMPT CARS,True,False
West Berkshire Council Transport - Dynamic Purchasing System (DPS) ongoing awards Jan-Mar 2025,West Berkshire Council Transport - Dynamic Purchasing System (DPS) ongoing awards Jan-Mar 2025,CallOffFromDynamicPurchasingSystem,47337.6,2025-03-03,2026-07-31,2025-01-03,2025-07-10,3,A1 Cars,,A1 CARS,True,False
West Berkshire Council Transport - Dynamic Purchasing System (DPS) ongoing awards Jan-Mar 2025,West Berkshire Council Transport - Dynamic Purchasing System (DPS) ongoing awards Jan-Mar 2025,CallOffFromDynamicPurchasingSystem,47337.6,2025-03-03,2026-07-31,2025-01-03,2025-07-10,3,Comapass Executive Cars,8274551,COMAPASS EXECUTIVE CARS,True,False
West Berkshire Council Transport - Dynamic Purchasing System (DPS) ongoing awards Jan-Mar 2025,West Berkshire Council Transport - Dynamic Purchasing System (DPS) ongoing awards Jan-Mar 2025,CallOffFromDynamicPurchasingSystem,47337.6,2025-03-03,2026-07-31,2025-01-03,2025-07-10,3,Alanis Coach Travel,14461234,ALANIS COACH TRAVEL,True,False
P00000926,West Berkshire Council Core Domestic Abuse Support Service,OpenOJEU,474837.0,2023-04-01,2026-03-31,2023-01-19,2023-01-24,1,BERKSHIRE WOMEN'S AID,03081670,BERKSHIRE WOMEN S AID,False,True
P00000342,West Berkshire Council Transport Services Dynamic Purchasing System (DPS) - ongoing awards Jul-Sep 2022,CallOffFromDynamicPurchasingSystem,8841944.5,2022-09-05,2027-07-31,2022-09-01,2022-10-26,19,ABC Travel (Wokingham) Ltd,12254093,ABC TRAVEL,True,False
P00000342,West Berkshire Council Transport Services Dynamic Purchasing System (DPS) - ongoing awards Jul-Sep 2022,CallOffFromDynamicPurchasingSystem,8841944.5,2022-09-05,2027-07-31,2022-09-01,2022-10-26,19,Andy's Taxis,,ANDY S TAXIS,True,False
P00000342,West Berkshire Council Transport Services Dynamic Purchasing System (DPS) - ongoing awards Jul-Sep 2022,CallOffFromDynamicPurchasingSystem,8841944.5,2022-09-05,2027-07-31,2022-09-01,2022-10-26,19,BAILEYS COACHES LIMITED,03118837,BAILEYS COACHES,True,False
P00000342,West Berkshire Council Transport Services Dynamic Purchasing System (DPS) - ongoing awards Jul-Sep 2022,CallOffFromDynamicPurchasingSystem,8841944.5,2022-09-05,2027-07-31,2022-09-01,2022-10-26,19,Bluebird Passenger Services,,BLUEBIRD PASSENGER SERVICES,True,False
P00000342,West Berkshire Council Transport Services Dynamic Purchasing System (DPS) - ongoing awards Jul-Sep 2022,CallOffFromDynamicPurchasingSystem,8841944.5,2022-09-05,2027-07-31,2022-09-01,2022-10-26,19,Broadway Cars (Newbury) Ltd,,BROADWAY CARS,True,False
P00000342,West Berkshire Council Transport Services Dynamic Purchasing System (DPS) - ongoing awards Jul-Sep 2022,CallOffFromDynamicPurchasingSystem,8841944.5,2022-09-05,2027-07-31,2022-09-01,2022-10-26,19,Compass Executive Cars UK Ltd,,COMPASS EXECUTIVE CARS,True,False
P00000342,West Berkshire Council Transport Services Dynamic Purchasing System (DPS) - ongoing awards Jul-Sep 2022,CallOffFromDynamicPurchasingSystem,8841944.5,2022-09-05,2027-07-31,2022-09-01,2022-10-26,19,DJ Travel of Berkshire Ltd,,DJ TRAVEL OF BERKSHIRE,True,False
P00000342,West Berkshire Council Transport Services Dynamic Purchasing System (DPS) - ongoing awards Jul-Sep 2022,CallOffFromDynamicPurchasingSystem,8841944.5,2022-09-05,2027-07-31,2022-09-01,2022-10-26,19,FD Travels Ltd t/a School Express,,FD TRAVELS,True,False
P00000342,West Berkshire Council Transport Services Dynamic Purchasing System (DPS) - ongoing awards Jul-Sep 2022,CallOffFromDynamicPurchasingSystem,8841944.5,2022-09-05,2027-07-31,2022-09-01,2022-10-26,19,Green Metro Cars Reading Ltd,,GREEN METRO CARS READING,True,False
P00000342,West Berkshire Council Transport Services Dynamic Purchasing System (DPS) - ongoing awards Jul-Sep 2022,CallOffFromDynamicPurchasingSystem,8841944.5,2022-09-05,2027-07-31,2022-09-01,2022-10-26,19,HORSEMAN COACHES LIMITED,01339276,HORSEMAN COACHES,True,False
P00000342,West Berkshire Council Transport Services Dynamic Purchasing System (DPS) - ongoing awards Jul-Sep 2022,CallOffFromDynamicPurchasingSystem,8841944.5,2022-09-05,2027-07-31,2022-09-01,2022-10-26,19,Kennet & Avon Cars Ltd,,KENNET AND AVON CARS,True,False
P00000342,West Berkshire Council Transport Services Dynamic Purchasing System (DPS) - ongoing awards Jul-Sep 2022,CallOffFromDynamicPurchasingSystem,8841944.5,2022-09-05,2027-07-31,2022-09-01,2022-10-26,19,Newbury & District Ltd,,NEWBURY AND DISTRICT,True,False
P00000342,West Berkshire Council Transport Services Dynamic Purchasing System (DPS) - ongoing awards Jul-Sep 2022,CallOffFromDynamicPurchasingSystem,8841944.5,2022-09-05,2027-07-31,2022-09-01,2022-10-26,19,NJM Humphries t/a Coach Miles,,NJM HUMPHRIES,True,False
P00000342,West Berkshire Council Transport Services Dynamic Purchasing System (DPS) - ongoing awards Jul-Sep 2022,CallOffFromDynamicPurchasingSystem,8841944.5,2022-09-05,2027-07-31,2022-09-01,2022-10-26,19,Penmar Transport Limited,,PENMAR TRANSPORT,True,False
P00000342,West Berkshire Council Transport Services Dynamic Purchasing System (DPS) - ongoing awards Jul-Sep 2022,CallOffFromDynamicPurchasingSystem,8841944.5,2022-09-05,2027-07-31,2022-09-01,2022-10-26,19,Samantha Beaumont,,SAMANTHA BEAUMONT,True,False
P00000342,West Berkshire Council Transport Services Dynamic Purchasing System (DPS) - ongoing awards Jul-Sep 2022,CallOffFromDynamicPurchasingSystem,8841944.5,2022-09-05,2027-07-31,2022-09-01,2022-10-26,19,School Travel,,SCHOOL TRAVEL,True,False
P00000342,West Berkshire Council Transport Services Dynamic Purchasing System (DPS) - ongoing awards Jul-Sep 2022,CallOffFromDynamicPurchasingSystem,8841944.5,2022-09-05,2027-07-31,2022-09-01,2022-10-26,19,TK Travel Ltd,,TK TRAVEL,True,False
P00000342,West Berkshire Council Transport Services Dynamic Purchasing System (DPS) - ongoing awards Jul-Sep 2022,CallOffFromDynamicPurchasingSystem,8841944.5,2022-09-05,2027-07-31,2022-09-01,2022-10-26,19,WEAVAWAY TRAVEL LTD,6458952,WEAVAWAY TRAVEL,True,False
P00000342,West Berkshire Council Transport Services Dynamic Purchasing System (DPS) - ongoing awards Jul-Sep 2022,CallOffFromDynamicPurchasingSystem,8841944.5,2022-09-05,2027-07-31,2022-09-01,2022-10-26,19,Wheels Taxis,,WHEELS TAXIS,True,False
P00000342 Oct-Dec 2024,West Berkshire Council Transport - Dynamic Purchasing System (DPS) ongoing awards Oct-Dec 2024,CallOffFromDynamicPurchasingSystem,831021.0,2024-10-07,2028-07-31,2024-09-30,2025-07-10,8,Alanis Coach Travel,14461234,ALANIS COACH TRAVEL,True,False
P00000342 Oct-Dec 2024,West Berkshire Council Transport - Dynamic Purchasing System (DPS) ongoing awards Oct-Dec 2024,CallOffFromDynamicPurchasingSystem,831021.0,2024-10-07,2028-07-31,2024-09-30,2025-07-10,8,Andy Cox,,ANDY COX,True,False
P00000342 Oct-Dec 2024,West Berkshire Council Transport - Dynamic Purchasing System (DPS) ongoing awards Oct-Dec 2024,CallOffFromDynamicPurchasingSystem,831021.0,2024-10-07,2028-07-31,2024-09-30,2025-07-10,8,Bluebird Passenger Services,,BLUEBIRD PASSENGER SERVICES,True,False
P00000342 Oct-Dec 2024,West Berkshire Council Transport - Dynamic Purchasing System (DPS) ongoing awards Oct-Dec 2024,CallOffFromDynamicPurchasingSystem,831021.0,2024-10-07,2028-07-31,2024-09-30,2025-07-10,8,Golden Aura Care Limited,14963438,GOLDEN AURA CARE,True,False
P00000342 Oct-Dec 2024,West Berkshire Council Transport - Dynamic Purchasing System (DPS) ongoing awards Oct-Dec 2024,CallOffFromDynamicPurchasingSystem,831021.0,2024-10-07,2028-07-31,2024-09-30,2025-07-10,8,MFR Contracts,,MFR CONTRACTS,True,False
P00000342 Oct-Dec 2024,West Berkshire Council Transport - Dynamic Purchasing System (DPS) ongoing awards Oct-Dec 2024,CallOffFromDynamicPurchasingSystem,831021.0,2024-10-07,2028-07-31,2024-09-30,2025-07-10,8,Penmar Transport Services,6583606,PENMAR TRANSPORT SERVICES,True,False
P00000342 Oct-Dec 2024,West Berkshire Council Transport - Dynamic Purchasing System (DPS) ongoing awards Oct-Dec 2024,CallOffFromDynamicPurchasingSystem,831021.0,2024-10-07,2028-07-31,2024-09-30,2025-07-10,8,Prompt Cars,12588541,PROMPT CARS,True,False
P00000342 Oct-Dec 2024,West Berkshire Council Transport - Dynamic Purchasing System (DPS) ongoing awards Oct-Dec 2024,CallOffFromDynamicPurchasingSystem,831021.0,2024-10-07,2028-07-31,2024-09-30,2025-07-10,8,School Express,084693784,SCHOOL EXPRESS,True,False
P00001009,West Berkshire Council / Telephony Solution (Corporate and Contact Centre) RM3808 Lot 5,CallOffFromFrameworkAgreement,303131.96,2023-08-15,2030-08-14,2023-07-31,2023-07-31,1,Southern Communications Corporate Solutions Ltd,02645307,SOUTHERN COMMUNICATIONS CORPORATE SOLUTIONS,True,False
P00000342 Jan-Mar 2023,West Berkshire Council Transport Services Dynamic Purchasing System (DPS) - ongoing awards Jan-Mar 2023,CallOffFromDynamicPurchasingSystem,434393.8,2023-04-01,2027-07-31,2023-03-31,2023-04-22,4,Compass Executive Cars UK Ltd,8274551,COMPASS EXECUTIVE CARS,True,False
P00000342 Jan-Mar 2023,West Berkshire Council Transport Services Dynamic Purchasing System (DPS) - ongoing awards Jan-Mar 2023,CallOffFromDynamicPurchasingSystem,434393.8,2023-04-01,2027-07-31,2023-03-31,2023-04-22,4,DJ Travel Ltd,06683216,DJ TRAVEL,True,False
P00000342 Jan-Mar 2023,West Berkshire Council Transport Services Dynamic Purchasing System (DPS) - ongoing awards Jan-Mar 2023,CallOffFromDynamicPurchasingSystem,434393.8,2023-04-01,2027-07-31,2023-03-31,2023-04-22,4,ABC Travel (Wokingham) LTD,10861375,ABC TRAVEL,True,False
P00000342 Jan-Mar 2023,West Berkshire Council Transport Services Dynamic Purchasing System (DPS) - ongoing awards Jan-Mar 2023,CallOffFromDynamicPurchasingSystem,434393.8,2023-04-01,2027-07-31,2023-03-31,2023-04-22,4,Bluebird Passenger Services,,BLUEBIRD PASSENGER SERVICES,True,False
P00000342 Oct-Dec 2022,West Berkshire Council Transport Services Dynamic Purchasing System (DPS) - ongoing awards Oct-Dec 2022,CallOffFromDynamicPurchasingSystem,1212097.04,2023-01-04,2027-07-31,2022-12-31,2023-01-03,7,Almaaz 59 Ltd T/A School Travel,05572795,ALMAAZ 59,True,False
P00000342 Oct-Dec 2022,West Berkshire Council Transport Services Dynamic Purchasing System (DPS) - ongoing awards Oct-Dec 2022,CallOffFromDynamicPurchasingSystem,1212097.04,2023-01-04,2027-07-31,2022-12-31,2023-01-03,7,Daniel Griffiths T/A Bluebird Passenger Services,,DANIEL GRIFFITHS,True,False
P00000342 Oct-Dec 2022,West Berkshire Council Transport Services Dynamic Purchasing System (DPS) - ongoing awards Oct-Dec 2022,CallOffFromDynamicPurchasingSystem,1212097.04,2023-01-04,2027-07-31,2022-12-31,2023-01-03,7,FD Travels T/A School Express,084693784,FD TRAVELS,True,False
P00000342 Oct-Dec 2022,West Berkshire Council Transport Services Dynamic Purchasing System (DPS) - ongoing awards Oct-Dec 2022,CallOffFromDynamicPurchasingSystem,1212097.04,2023-01-04,2027-07-31,2022-12-31,2023-01-03,7,Green Metro,09103413,GREEN METRO,True,False
P00000342 Oct-Dec 2022,West Berkshire Council Transport Services Dynamic Purchasing System (DPS) - ongoing awards Oct-Dec 2022,CallOffFromDynamicPurchasingSystem,1212097.04,2023-01-04,2027-07-31,2022-12-31,2023-01-03,7,K Ricketts & S Richards,,K RICKETTS AND S RICHARDS,True,False
P00000342 Oct-Dec 2022,West Berkshire Council Transport Services Dynamic Purchasing System (DPS) - ongoing awards Oct-Dec 2022,CallOffFromDynamicPurchasingSystem,1212097.04,2023-01-04,2027-07-31,2022-12-31,2023-01-03,7,Miracle Taxis ta Premier Cars,2802320,MIRACLE TAXIS TA PREMIER CARS,True,False
P00000342 Oct-Dec 2022,West Berkshire Council Transport Services Dynamic Purchasing System (DPS) - ongoing awards Oct-Dec 2022,CallOffFromDynamicPurchasingSystem,1212097.04,2023-01-04,2027-07-31,2022-12-31,2023-01-03,7,Valley Cars,09310016,VALLEY CARS,True,False
P00000659,Research consultancy - Review of Strategic Signposting,OpenNonOJEU,18080.0,2022-03-21,2022-06-13,2022-03-10,2022-03-10,1,Invotra Consulting Limited,12292466,INVOTRA CONSULTING,False,True
P00001043,West Berkshire Vegetation Clearances - Public Rights of Way (PROW),OpenNonOJEU,23242.93,2023-06-05,2023-09-30,2023-06-02,2023-06-05,1,Tactical Facilities Management Ltd,11719682,TACTICAL FACILITIES MANAGEMENT,False,True
P00000739,"Equality, Diversity and Inclusion Consultancy",OpenNonOJEU,19800.0,2022-07-11,2023-03-31,2022-07-01,2022-07-01,1,The Equal Group,11495734,EQUAL GROUP,False,True
P00000740,"Equality, Diversity and Inclusion Needs Assessment",OpenNonOJEU,5350.0,2022-07-11,2022-09-16,2022-07-01,2022-07-01,1,Temple Group Limited,3305849,TEMPLE GROUP,False,True
IT-402-1354-P00001354 - AWARD,West Berkshire Vegetation Clearances - AWARD,Open,24000.0,2024-06-18,2024-10-18,2024-06-07,2024-06-20,1,Morton Pattison Ltd,,MORTON PATTISON,False,True
IT-402-1200-P00001200 - AWARD,Corporate Security Services - AWARD,Open,175000.0,2024-03-01,2027-02-28,2024-01-31,2024-06-25,1,Elite Alarm Monitoring Services Limited t/a Elite Security Group,,ELITE ALARM MONITORING SERVICES,True,False
P00000565 - AWARD,Provision of Particulate Matter PM2.5 monitoring for a specific project for the Public Protection Partnership - AWARD,Open,91572.6,2021-12-21,2023-03-31,2021-12-10,2021-12-10,1,AECOM Limited,,AECOM,False,True
IT-402-1310-P00001310 - AWARD,Japanese Knotweed Rhizome Remediation Works at Four Houses Corner - AWARD,Open,94080.0,2024-03-01,2024-04-12,2024-02-23,2024-03-11,1,Ebsford Environmental Ltd,,EBSFORD ENVIRONMENTAL,False,True
IT-402-1300-P00001300 - AWARD,Thatcham Memorial Fields - Flood Alleviation Scheme - AWARD,Restricted,1220091.0,2024-05-20,2024-10-11,2024-03-20,2024-07-30,1,Hope & Clay (Construction) Ltd,,HOPE AND CLAY,False,True
IT-402-1293-P00001293 - AWARD,Four Houses Corner Traveller Site - Main Construction - AWARD,Open,3153752.0,2024-07-10,2025-01-31,2024-03-21,2024-07-10,1,Feltham Construction Ltd,,FELTHAM CONSTRUCTION,False,True
IT-402-994-P00000994 - AWARD,Trinity School Dining Hall Refurbishment & Canopy Installation - AWARD,Open,310123.0,2023-05-02,2023-09-01,2023-05-02,2023-09-11,1,Beard Construction,,BEARD CONSTRUCTION,False,True
IT-402-720-P00000720 - AWARD,Theale ASD/SEMH Secondary Provision Project - AWARD,Restricted,4021432.0,2022-10-24,2023-08-28,2022-10-21,2023-03-14,1,Contract Trading Services Limited,,CONTRACT TRADING SERVICES,False,True
IT-402-1102-P00001102 - AWARD,West Point House Refurbishment - AWARD,Open,1162189.0,2023-10-02,2024-03-15,2023-09-12,2024-02-21,1,LIFE Build Solutions Limited,,LIFE BUILD SOLUTIONS,False,True
IT-402-1480-P00001480 - AWARD,Valuation of WBC Properties for Insurance Purposes - AWARD,Restricted,36200.0,2025-01-06,2030-01-05,2024-12-23,2025-01-17,1,Wilks Head & Eve LLP,,WILKS HEAD AND EVE,True,False
IT-402-1515-P00001515 - AWARD,EMAIL NEWSLETTER SOFTWARE  - AWARD,Restricted,63700.0,2025-03-10,2029-03-09,2029-03-09,2025-08-27,1,Forfront Ltd,,FORFRONT,True,False
P00001439,Playing Pitch Strategy Refresh and Masterplanning of Henwick Worthy Sports Ground,OpenNonOJEU,49883.93,2024-10-31,2025-05-01,2024-10-28,2024-10-28,1,Stuart Todd Associates,08284517,STUART TODD ASSOCIATES,False,True
IT-402-978-P00000978 - AWARD,Provision of a Care and Support Service  - Extra Care Housing - AWARD,Open,7100000.0,2023-10-01,2028-09-30,2025-02-11,2025-02-11,1,Care Outlook Ltd,,CARE OUTLOOK,True,False
IT-402-1089-P00001089 - AWARD,Provision for a Care and Support Service - Extra Care Housing Lot 2 - AWARD,Open,3570000.0,2023-10-01,2030-09-30,2023-07-28,2025-02-11,1,Housing 21,,HOUSING 21,True,False
IT-402-1432-P00001432 - AWARD,Adult Homeless Accommodation Service  - AWARD,Open,2500000.0,2025-04-01,2030-04-01,2025-01-31,2025-02-11,1,Two Saints Ltd,,TWO SAINTS,True,False
P00001173,Sexual Assault Counselling and Support Services,OpenNonOJEU,75000.0,2023-09-04,2028-08-31,2023-09-04,2023-09-13,1,Trust House Reading,1174926,TRUST HOUSE READING,True,False
P00000897,'Be Well this Winter' A Winter Resilience Highly Targeted Outreach Service,OpenNonOJEU,54908.0,2022-11-22,2023-02-28,2022-11-21,2022-11-22,1,SOLUTIONS 4 HEALTH LTD,06475161,SOLUTIONS 4 HEALTH,False,True
IT-402-1044-P00001044 - AWARD,Local Bus Services Network (West Berkshire) 2024-2032 - AWARD,Negotiated,9277640.32,2024-09-05,2032-09-04,2024-01-05,2024-05-10,1,Newbury & District Ltd,,NEWBURY AND DISTRICT,True,False
IT-402-1365-P00001365 - AWARD,Commercialisation of Shaw House - AWARD,Open,14857.5,2024-07-15,2024-09-30,2024-07-15,2024-07-18,1,Tricolor Limited,,TRICOLOR,False,True
IT-402-949-P00000949 - AWARD,"Pump Track at Northcroft and Goldwell Parks, Newbury - AWARD",Open,112700.0,2023-08-07,2023-09-29,2023-03-24,2023-09-19,1,Four One Four Ltd,,FOUR ONE FOUR,False,True
IT-402-1172-P00001172 - AWARD,Local Authority Housing Fund - Refurbishment of Multiple Properties - AWARD,Open,8254.0,2023-10-20,2024-10-19,2023-10-13,2024-03-13,1,ODS Group,,ODS GROUP,False,True
IT-402-925-P00000925 - AWARD,Building Maintenance Measured Term Contract - AWARD,Open,4200000.0,2023-05-01,2026-04-30,2023-03-28,2023-07-18,1,Beard Construction,,BEARD CONSTRUCTION,False,True
IT-402-864-P00000864 - AWARD,North and East Thatcham Flood Alleviation Schemes - AWARD,Restricted,1653817.6,2023-03-27,2023-12-22,2023-02-01,2023-06-26,1,Hope & Clay (Construction) Ltd,,HOPE AND CLAY,False,True
IT-402-634-P00000634 - AWARD,Building Condition and Measured Surveys - AWARD,Open,44405.0,2022-04-01,2025-03-31,2022-03-04,2022-03-04,1,Easton Bevins,,EASTON BEVINS,False,True
IT-402-551-P00000551 - AWARD,Supply and installation of a Multiplay unit at the Almond Avenue play area in Newbury - AWARD,NotApplicable,80451.97,2022-01-17,2022-05-27,2022-01-14,2022-01-17,1,HAGS SMP Ltd,,HAGS SMP,False,True
P00000755,Active Travel Capabilities Fund: Promoting Walking in West Berkshire,OpenNonOJEU,14600.0,2022-08-09,2023-03-31,2022-08-09,2022-08-09,1,GROUNDWORK LONDON,04212532,GROUNDWORK LONDON,False,True
P00000927,Study into West Berkshire's Older Resident's Relationship with Active Travel and Bus Use,OpenNonOJEU,20000.0,2023-01-20,2023-06-20,2023-01-13,2023-01-23,1,STUART MICHAEL ASSOCIATES LIMITED,03739154,STUART MICHAEL ASSOCIATES,False,True
IT-402-1527-P00001527 - AWARD,Royal Berkshire Archives Extension - AWARD,Restricted,2612663.0,2026-03-09,2027-02-17,2025-10-20,2026-01-15,1,Feltham Construction Ltd,,FELTHAM CONSTRUCTION,True,False
P00000957,Young Person's Counselling Service,OpenNonOJEU,72900.0,2023-04-01,2026-03-31,2023-02-21,2023-04-14,1,Time to Talk West Bekrshire,CE000632,TIME TO TALK WEST BEKRSHIRE,False,True
P00000883,Electric Vehicle Charging Points (EVCPs) for on-street and residential areas in West Berkshire,CallOffFromFrameworkAgreement,425375.0,2023-04-03,2027-04-02,2023-01-23,2023-03-30,1,UBITRICITY DISTRIBUTED ENERGY SYSTEMS UK LIMITED,11393390,UBITRICITY DISTRIBUTED ENERGY SYSTEMS,True,False
P00000651,Active Travel Capabilities Fund: Adult Behaviour Change Study,OpenNonOJEU,21950.0,2022-03-28,2022-06-30,2022-03-21,2022-05-09,1,STUART MICHAEL ASSOCIATES LIMITED,03739154,STUART MICHAEL ASSOCIATES,False,True
IT-402-1563-P00001563 - AWARD,CC/7136 - Greenfield House RG31 4XD & The Phoenix Centre RG14 7EB (Lot 1) - Requires Wheelchair accessible vehicle  - AWARD,Restricted,32160.0,2025-04-22,2026-02-06,2025-04-15,2025-04-22,1,Alanis coach Travel Ltd,,ALANIS COACH TRAVEL,False,True
P00001021,Managed ICT Services for Schools in West Berkshire,CallOffFromFrameworkAgreement,407558.59,2024-04-01,2027-03-31,2023-11-21,2024-02-16,1,WCL (UK) LIMITED,07689604,WCL,True,False
P00000947,Consultancy Review for Home to School Transport Services in West Berkshire,Other Request for quotation (under 50k),25000.0,2023-03-13,2023-07-31,2023-03-09,2023-03-15,1,SJG Consultancy Ltd,9490889,SJG CONSULTANCY,False,True
P00001310,WBC Digital Community Signposting solution,OpenNonOJEU,115069.0,2024-04-12,2026-03-31,2024-04-11,2024-05-10,1,People Places Lives Limited,06654748,PEOPLE PLACES LIVES,False,True
P00000067 - AWARD,Stationery & Office Supplies,OpenOJEU,0.0,2019-01-01,2025-12-31,2019-01-01,2024-03-19,1,ACS TECHNOLOGY GROUP LTD,06584936,ACS TECHNOLOGY GROUP,False,True
IT-402-1488-P00001488 - AWARD,Corporate Cleaning contract - AWARD,Open,0.0,2025-05-01,2030-04-30,2025-04-28,2025-11-25,1,Glen Cleaning,,GLEN CLEANING,True,False
IT-402-1547-P00001547 - AWARD,Building Resilience - AWARD,Restricted,0.0,2025-04-01,2026-03-31,2025-04-01,2025-05-06,1,Swings & Smiles,,SWINGS AND SMILES,False,True
P00001146,"Supply, Installation and Maintenance of Electric Vehicle Charge Points (West Berkshire car parks and community locations)",CallOffFromFrameworkAgreement,1381042.0,2023-11-20,2027-11-19,2024-01-28,2024-04-29,1,SWARCO Smart Charging Ltd,14479077,SWARCO SMART CHARGING,True,False
P00001298,Heat Decarbonisation Plans,CallOffFromDynamicPurchasingSystem,196990.0,2023-12-19,2024-03-18,2023-12-18,2024-03-07,1,Leisure Energy Ltd,08938136,LEISURE ENERGY,False,True
P00001023,Teacher apprenticeship Level 6 QTS (SEN),CompetitiveQuotationNonOJEU,27000.0,2023-09-04,2025-07-31,2023-06-21,2023-06-21,1,THE UNIVERSITY OF BUCKINGHAM,RC000730,UNIVERSITY OF BUCKINGHAM,False,True
IT-402-1517-P00001517 - AWARD,NBY/08/ES - The Castle School RG14 2JG (Lot 1) Requires a Passenger Assistant  - AWARD,Restricted,29520.0,2025-01-07,2025-07-31,2025-01-10,2025-01-10,1,A Star Executive Cars Ltd,,A STAR EXECUTIVE CARS,False,True
ST JOHN AND ST NICOLAS SCHOOLS FEDERATION,School Catering Contract for St Nicolas Junior School,OpenOJEU,179790.0,2023-09-01,2028-08-31,2023-04-17,2023-05-25,1,Dolce Ltd,02470662,DOLCE,True,False
P00001230,KAL/01/UM - The King Alfred's School (Lot 2),OpenNonOJEU,89352.0,2023-10-31,2024-07-31,2023-10-12,2024-01-19,1,Newbury & District Ltd,7491219,NEWBURY AND DISTRICT,False,True
P00001214,KAL/01/UM - King Alfreds School (Lot 2),OpenNonOJEU,110960.0,2023-09-05,2024-07-31,2023-09-01,2024-01-19,1,Newbury & District Ltd,7491219,NEWBURY AND DISTRICT,False,True
IT-402-1742-P00001742 - AWARD,Northcroft Leisure Centre Decarbonisation - AWARD,Restricted,2412030.88,2026-08-31,2027-02-10,2026-05-20,2026-09-09,1,CLC Contractors Limited,,CLC CONTRACTORS,True,False
IT-402-1584-P00001584 - AWARD,"Specialist Print Room Equipment, Maintenance & Technical Support - AWARD",Restricted,263013.0,2025-10-01,2032-09-30,2025-07-31,2025-10-07,1,Ricoh UK Ltd,,RICOH,True,False
IT-402-1549-P00001549 - AWARD,Falkland Primary School Classroom Replacement - AWARD,Restricted,3703481.34,2025-09-22,2026-10-26,2025-07-17,2025-10-07,1,Ascia Construction Limited,,ASCIA CONSTRUCTION,True,False
IT-402-1529-P00001529 - AWARD,Employee Assistance Programme - AWARD,Restricted,27305.2,2025-06-01,2027-05-31,2025-03-13,2025-04-29,1,Pluxee UK Ltd.,,PLUXEE,True,False
IT-402-1498-P00001498 - AWARD,Digital Event and Appointment Booking - AWARD,Open,173000.0,2025-04-01,2032-03-31,2025-03-18,2025-03-19,1,bookinglab,,BOOKINGLAB,True,False
IT-402-1511-P00001511 - AWARD,3G Pitch Construction at Cotswold Sports Centre Further Competition - AWARD,Other,120512.0,2025-03-14,2025-06-16,2025-03-11,2025-03-19,1,Blakedown Sport & Play Limited,,BLAKEDOWN SPORT AND PLAY,False,True
IT-402-1491-P00001491 - AWARD,Supported Employment  - AWARD,Open,0.0,2025-04-01,2028-03-31,2025-02-20,2025-02-20,1,Ways into Work CiC,,WAYS INTO WORK,True,False
IT-402-1426-P00001426 - AWARD,Castle School Expansion Further Competition - AWARD,Other,2213158.0,2025-02-10,2025-12-08,2024-11-20,2025-01-23,1,Beard Construction,,BEARD CONSTRUCTION,False,True
IT-402-1494-P00001494 - AWARD,Asset Valuation of WBC Operational Property Assets and the Investment Assets - AWARD,Restricted,47000.0,2025-01-06,2029-01-05,2024-12-12,2025-01-17,1,Wilks Head & Eve LLP,,WILKS HEAD AND EVE,True,False
IT-402-1399-P00001399 - AWARD,Multifunctional Devices (MFDs) and Print and Digital Workflow Software Services  - AWARD,Restricted,205648.7,2024-10-28,2029-10-27,2024-09-10,2024-11-12,1,Kyocera Document Solutions (UK) Limited,,KYOCERA DOCUMENT SOLUTIONS,True,False
P00001198,Theatre in Education,OpenNonOJEU,13465.0,2023-10-02,2024-03-31,2023-09-22,2023-09-26,1,2ENGAGE PERFORMING ARTS C.I.C.,07927523,2ENGAGE PERFORMING ARTS C I C,False,True
P00001042,HR & Payroll System requirement (Software as a Service) RM6194 further competition,CallOffFromFrameworkAgreement,1915881.33,2023-08-10,2029-08-09,2023-08-08,2023-09-25,1,Insight Direct (UK) Ltd,2579852,INSIGHT DIRECT,True,False
P00001038,Backup Linear Tape Open (LTO) Fibre Channel (FC) Library (Supply and Installation),CompetitiveQuotationNonOJEU,80260.23,2023-07-01,2028-06-30,2023-06-12,2023-06-12,1,Boxxe Limited,02109168,BOXXE,True,False
P00001003,Executive Search and Recruitment Process Consultancy,CompetitiveQuotationNonOJEU,29250.0,2023-04-24,2023-09-30,2023-04-21,2023-05-02,1,TILE HILL INTERIM & EXECUTIVE LIMITED,10484468,TILE HILL INTERIM AND EXECUTIVE,False,True
P00001007,Laptop Devices for Members,CompetitiveQuotationNonOJEU,62950.0,2023-04-18,2023-05-31,2023-03-31,2023-05-02,1,CCS Media Limited,04418144,CCS MEDIA,False,True
P00000987,Provision of Garden Waste Collection Bin Sticker Service 2023-4,CompetitiveQuotationNonOJEU,37100.0,2023-07-01,2024-06-30,2023-03-29,2023-03-29,1,Permiserv Limited,01175435,PERMISERV,False,True
G-Cloud 12 Framework,Award of Agresso Cloud Hosting,CallOffFromFrameworkAgreement,105694.0,2021-01-18,2023-01-18,2021-01-18,2021-02-23,1,G7 Business Solutions Limited,,G7 BUSINESS SOLUTIONS,False,True
2019,"Installation of floodlights at Faraday Road Football Ground, Newbury",CallOffFromFrameworkAgreement,309011.24,2026-06-26,2026-09-29,2026-03-30,2026-07-15,1,Alliance Leisure Services Limited,02723797,ALLIANCE LEISURE SERVICES,True,False
IT-402-1666-P00001666 - AWARD,Desktop & Server Anti Virus EDR/XDR - AWARD,Restricted,57907.0,2025-10-03,2028-10-02,2025-09-04,2025-09-16,1,Softcat,,SOFTCAT,True,False
IT-402-1599-P00001599 - AWARD,Water Maintenance Services - AWARD,Restricted,26021.66,2025-08-01,2027-07-31,2025-07-21,2025-07-21,1,SMS Environmental Limited,,SMS ENVIRONMENTAL,True,False
IT-402-1535-P00001535 - AWARD,ICT Hosts and Storage Area Network - AWARD,Restricted,230845.0,2025-05-21,2032-05-20,2025-05-16,2025-07-18,1,Techbuyer Ltd,,TECHBUYER,True,False
RM6099,Streetworks co-ordination platform,CallOffFromFrameworkAgreement,97971.0,2025-04-01,2028-03-31,2025-01-22,2025-04-03,1,Causeway Technologies Limited,03921897,CAUSEWAY TECHNOLOGIES,True,False
G-Cloud 14 RM1557.14,CIL & S106 Management System,CallOffFromFrameworkAgreement,50358.0,2025-04-01,2029-03-31,2025-03-31,2025-03-31,1,EXACOM SYSTEMS LTD,7356515,EXACOM SYSTEMS,True,False
IT-402-1545-P00001545 - AWARD,TVS/14/ES - Thames Valley School RG30 4BZ and English Martyrs RC Primary School RG30 4BZ (Lot 1) Requires a Passenger Assistant - AWARD,Restricted,45280.0,2025-02-21,2026-07-31,2025-03-04,2025-03-04,1,Ace Wheelchair Travel,,ACE WHEELCHAIR TRAVEL,True,False
IT-402-1542-P00001542 - AWARD,"KAL/02/UM - King Alfreds School Wantage, OX12 BY (Lot 1) - AWARD",Restricted,38916.0,2025-02-24,2027-07-31,2025-02-27,2025-02-27,1,K Ricketts & S Richards Taxis,,K RICKETTS AND S RICHARDS TAXIS,True,False
IT-402-1370-P00001370 - AWARD,Complex Needs Learning Disability Supported Living Service at Blagden Close - AWARD,Open,3842410.0,2024-12-05,2034-12-04,2024-12-17,2025-02-11,1,Community Homes Of Intensive Care & Education,,COMMUNITY HOMES OF INTENSIVE CARE AND EDUCATION,True,False
IT-402-1485-P00001485 - AWARD,"OAK/04/ES - Oaklands School, Hungerford, RG17 0YT (Lot 1) Requires a Passenger Assistant  - AWARD",Restricted,28388.0,2024-11-11,2025-07-31,2024-11-11,2024-11-27,1,Alanis coach Travel Ltd,,ALANIS COACH TRAVEL,False,True
IT-402-1429-P00001429 - AWARD,Management Contract of WBC Commercial Property Portfolio - AWARD,Open,450984.0,2024-10-29,2027-10-28,2024-10-16,2024-11-15,1,Lambert Smith Hampton Group Ltd,,LAMBERT SMITH HAMPTON GROUP,True,False
CL 881 / G-Cloud 13,SLA Trading Platform software,CallOffFromFrameworkAgreement,93000.0,2024-10-02,2028-10-01,2024-05-22,2024-11-12,1,FRONTLINE DATA LIMITED,05427762,FRONTLINE DATA,True,False
IT-402-1471-P00001471 - AWARD,JWS/01/ES - John Watson School (Lot 1) requires Passenger Assistant - AWARD,Restricted,130134.0,2024-11-08,2027-07-31,2024-11-07,2024-11-11,1,FD Travels Ltd t/a School Express,,FD TRAVELS,True,False
IT-402-1363-P00001363 - AWARD,TENDER FOR: The installation (and maintenance for first year after commissioning) of a sustainable replacement heating system and associated output units. - AWARD,Open,0.0,2024-07-25,2024-11-01,2024-07-23,2024-10-31,1,BTU(Installation & Maintenance) Limited,,BTU,False,True
Corporate Housing System,Corporate Housing System,CallOffFromFrameworkAgreement,102718.84,2024-05-01,2028-04-30,2024-02-21,2024-06-03,1,Civica UK Ltd,01628868,CIVICA,True,False
RM6259 / CL 835,GIS Software,CallOffFromFrameworkAgreement,114334.0,2024-04-01,2027-03-31,2024-03-22,2024-06-03,1,ESRI (UK) Limited,01288342,ESRI,True,False
Road AI,Road AI,Other Direct Award,29859.0,2024-04-30,2025-04-29,2024-05-02,2024-05-10,1,VAISALA LIMITED,01487125,VAISALA,False,True
Youth Justice - ChildView,Youth Justice - ChildView,CompetitiveQuotationNonOJEU,58937.0,2018-05-01,2025-04-30,2018-04-30,2024-05-10,1,CACI,01649776,CACI,False,True
P00001337,"OAK/02/ES (V4) - Oaklands School RG17 0YT, Requires Passenger Assistant (Lot 1)",CompetitiveQuotationNonOJEU,64022.0,2024-03-06,2025-07-31,2024-03-04,2024-04-05,1,Alanis Coaches Travel Ltd,14461234,ALANIS COACHES TRAVEL,False,True
Quotes,Email Security Cloud Gateway,CompetitiveQuotationNonOJEU,64770.12,2024-01-19,2025-01-19,2024-01-18,2024-03-28,1,Phoenix Software Ltd,2548628,PHOENIX SOFTWARE,False,True
G-Cloud 13 / CL 838,PlanX Full Subscription,CallOffFromFrameworkAgreement,40000.0,2024-04-01,2026-03-31,2024-02-01,2024-03-28,1,OPEN SYSTEMS LAB LTD,09152368,OPEN SYSTEMS LAB,False,True
P00001316,HAM/03/US - Hamilton School (Lot 1),OpenNonOJEU,42064.0,2024-02-06,2026-07-31,2024-02-05,2024-02-20,1,Alanis Coaches Travel Ltd,14461234,ALANIS COACHES TRAVEL,True,False
P00001318,FIR/01/US - Fir Tree School ( Lot 1),OpenNonOJEU,35000.0,2024-02-19,2025-07-31,2024-02-14,2024-02-20,1,Compass Executive Cars UK Ltd,8274551,COMPASS EXECUTIVE CARS,False,True
P00001314,PRO/01/US - Prospect School (Lot 1),OpenNonOJEU,38192.0,2024-01-18,2026-07-31,2024-01-15,2024-01-24,1,School Express,8469374,SCHOOL EXPRESS,True,False
P00001312,SPW/01/ES - Speenhamland Primary School & Winchcombe Speech and Language (Lot 1) Requires Passenger assistant and Wheelchair accessible vehicle,OpenNonOJEU,102672.0,2024-01-15,2026-07-31,2024-01-12,2024-01-24,1,Parker Travel,15342175,PARKER TRAVEL,True,False
P00001253,INK/01/UM - Inkpen Primary School (Lot 1),OpenNonOJEU,38000.0,2023-10-30,2027-07-31,2023-10-23,2024-01-19,1,Wheels Taxis,,WHEELS TAXIS,True,False
P00001265,WIL/03/UM - Willink School ( Lot 1),OpenNonOJEU,52820.0,2023-11-14,2025-07-31,2023-11-15,2024-01-19,1,Parker Travel,15342175,PARKER TRAVEL,False,True
P00001280,OAK/01/ES - Oakland School ( Lot 1) requires Passenger Assistant,OpenNonOJEU,90117.0,2023-11-27,2025-07-31,2023-11-15,2024-01-19,1,ABC Travel (Wokingham) LTD,12254093,ABC TRAVEL,False,True
P00001255,BRO/34/ES - Brookfield's Specialist School (Lot 1) Requires Passenger Assistant,OpenNonOJEU,66778.0,2023-10-31,2025-07-31,2023-11-06,2024-01-19,1,School Express,8469374,SCHOOL EXPRESS,False,True
P00001247,THR/28/US - Theale Green School (Lot 1),OpenNonOJEU,28120.0,2023-10-11,2024-07-31,2023-10-09,2024-01-19,1,Green Metro Cars Reading Ltd,9103413,GREEN METRO CARS READING,False,True
P00001213,HIL/01/ES - Hillcrest New Barn (Lot 1) Requires Passenger Assistant,OpenNonOJEU,68400.0,2023-09-05,2026-07-31,2023-09-26,2024-01-19,1,Valley Cars,,VALLEY CARS,True,False
P00001217,CAT/06/ES - Castle at Theale (Lot 1),OpenNonOJEU,30210.0,2023-09-06,2055-07-31,2023-09-20,2024-01-19,1,School Travel,5572795,SCHOOL TRAVEL,True,False
P00001228,NBY/34/ES - Newbury College (lot 1) Requires Passenger Assistant,OpenNonOJEU,31395.0,2023-10-11,2024-07-31,2023-09-20,2024-01-19,1,Compass Cars,8274551,COMPASS CARS,False,True
P00001225,CHA/01/UM -  Mrs Blands Infant School (Lot 1),OpenNonOJEU,26600.0,2023-09-18,2024-07-31,2023-09-19,2024-01-19,1,Green Metro Cars Reading Ltd,09103413,GREEN METRO CARS READING,False,True
P00001226,CHA/02/UM - Garland Jnr School (Lot 1),OpenNonOJEU,26600.0,2023-09-18,2024-07-31,2023-09-19,2024-01-19,1,Green Metro Cars Reading Ltd,9103413,GREEN METRO CARS READING,False,True
P00001232,CWW/01/US - Chiltern Way Academy (Lot 1),OpenNonOJEU,29760.0,2023-09-19,2024-07-31,2023-09-19,2024-01-19,1,K Ricketts & S Richards Taxis,,K RICKETTS AND S RICHARDS TAXIS,False,True
P00001206,NBY/05/ES - The Castle School (Lot1),OpenNonOJEU,30400.0,2023-09-04,2025-07-31,2023-09-06,2024-01-19,1,Ace Wheelchair Travel,12615719,ACE WHEELCHAIR TRAVEL,False,True
P00001205,GHS/01/US - Greatly House School (Lot1),OpenNonOJEU,38000.0,2023-09-05,2024-07-31,2023-09-04,2024-01-19,1,Penmar Transport Limited,6583606,PENMAR TRANSPORT,False,True
P00001201,SPA/02/US Sparsholt College,OpenNonOJEU,31540.0,2023-09-05,2024-07-31,2023-09-04,2024-01-19,1,School Express,8469374,SCHOOL EXPRESS,False,True
P00001278,NBY/01/ES - The Castle School ( Lot 1 ) requires Passenger Assistant & Wheelchair Accessible Vehicle,OpenNonOJEU,30800.0,2023-12-04,2025-07-31,2024-01-02,2024-01-19,1,Bluebird passenger services,,BLUEBIRD PASSENGER SERVICES,False,True
P00001188,NEW/01/US - New Meaning (Lot1),OpenNonOJEU,38000.0,2023-09-05,2025-07-31,2023-09-05,2024-01-19,1,Miracle Taxis LTD t/a Premier Cars,2802320,MIRACLE TAXIS,False,True
P00000956,G Cloud 13 - Demand Responsive Transport (DRT),CallOffFromFrameworkAgreement,75800.0,2023-09-25,2026-09-24,2023-10-24,2023-12-04,1,Liftango Ltd,12760405,LIFTANGO,True,False
P00000996,G Cloud 13 - Transport Management System (Home to School),CallOffFromFrameworkAgreement,132484.02,2023-11-01,2026-10-31,2023-11-02,2023-12-01,1,365 RESPONSE LIMITED,08153929,365 RESPONSE,True,False
RM6068/P00001261,Corporate Replacement Laptops 2024,CallOffFromFrameworkAgreement,150870.8,2023-11-01,2024-03-31,2023-10-31,2023-11-09,1,CCS Media Limited,424305485,CCS MEDIA,False,True
VAS-SPY-17/CL681,Library Management System,CallOffFromFrameworkAgreement,105430.0,2023-08-01,2028-07-31,2023-09-21,2023-10-02,1,CIVICA UK LIMITED,01628868,CIVICA,True,False
RM3808/CR786,Mobile Airtime Services 23-24,CallOffFromFrameworkAgreement,98825.0,2023-08-01,2024-07-31,2023-07-01,2023-09-29,1,VODAFONE LIMITED,01471587,VODAFONE,False,True
RM6259/CL766,Revenue and Benefits System,CallOffFromFrameworkAgreement,615540.0,2023-08-01,2026-07-31,2023-08-03,2023-09-19,1,NEC SOFTWARE SOLUTIONS UK LIMITED,00968498,NEC SOFTWARE SOLUTIONS,True,False
UK Leisure Framework,Northcroft Dryside Development,CallOffFromFrameworkAgreement,4500000.0,2023-09-01,2024-12-31,2023-07-20,2023-07-20,1,ALLIANCE LEISURE SERVICES LIMITED,02723797,ALLIANCE LEISURE SERVICES,False,True
P00000913,Microsoft Enterprise Licensing Agreement,CallOffFromFrameworkAgreement,1335361.0,2023-04-01,2026-03-31,2023-02-23,2023-04-04,1,INSIGHT DIRECT (UK) LTD,02579852,INSIGHT DIRECT,False,True
P00000844,"Planning, Associated Services and Document Management System",CallOffFromFrameworkAgreement,714533.0,2023-04-01,2030-03-31,2022-12-21,2023-03-30,1,IDOX SOFTWARE LTD,02933889,IDOX SOFTWARE,True,False
P00000858,Data Loss Prevention,CallOffFromFrameworkAgreement,68000.0,2022-11-26,2024-11-25,2022-11-01,2023-03-23,1,EGRESS SOFTWARE TECHNOLOGIES LIMITED,06393598,EGRESS SOFTWARE TECHNOLOGIES,False,True
P00000857,Education Management Information System (Software as a Service),CallOffFromFrameworkAgreement,867461.0,2023-01-31,2030-04-30,2023-01-13,2023-02-06,1,CAPITA BUSINESS SERVICES LIMITED,02299747,CAPITA BUSINESS SERVICES,True,False
P00000675,Dell laptop replacement 2022-23,CallOffFromFrameworkAgreement,197939.5,2023-01-03,2023-03-31,2022-12-21,2023-01-13,1,PHOENIX SOFTWARE LIMITED,02548628,PHOENIX SOFTWARE,False,True
288 / RM1557.12,Digital Platform Services,CallOffFromFrameworkAgreement,233663.0,2021-12-01,2025-11-30,2021-11-18,2021-12-13,1,GOSS INTERACTIVE LIMITED,03553908,GOSS INTERACTIVE,False,True
256 / RM1557.12,Award of Microsoft 365 (M365) deployment consultancy,CallOffFromFrameworkAgreement,262780.0,2021-08-16,2022-08-15,2021-08-06,2021-08-27,1,QUORUM NETWORK RESOURCES LTD.,SC196645,QUORUM NETWORK RESOURCES,False,True
246 / RM1557.12,Award of Illuminator PS Cloud Software,CallOffFromFrameworkAgreement,14250.0,2021-05-01,2022-04-30,2021-04-21,2021-06-14,1,PORGE LTD,03813082,PORGE,False,True
245 / RM1557.12,Award of Digital Communications Platform for Local Government - govDelivery,CallOffFromFrameworkAgreement,76704.0,2021-05-01,2023-04-30,2021-04-21,2021-06-14,1,GRANICUS-FIRMSTEP LIMITED,04283951,GRANICUS FIRMSTEP,False,True
CR244,Award of JRNI Booking Platform Subscription,CallOffFromFrameworkAgreement,90500.0,2021-06-01,2023-05-31,2021-05-14,2021-06-04,1,BookingLab Limited,11764238,BOOKINGLAB,False,True
