supplier,supplier_norm,Notice Identifier,Title,Awarded Value,Contract start date,Contract end date,contract_years,award_annual_rate,total_gbp,annualised estimate,ratio
FD TRAVELS LIMITED T/A SCHOOL EXPRESS,FD TRAVELS,IT-402-1471-P00001471 - AWARD,JWS/01/ES - John Watson School (Lot 1) requires Passenger Assistant - AWARD,130134.0,2024-11-08,2027-07-31,2.724161533196441,47770.29497487437,165324.47,661297.88,13.84328650990791
NEC SOFTWARE SOLUTIONS UK LIMITED,NEC SOFTWARE SOLUTIONS,RM6259/CL766,Revenue and Benefits System,615540.0,2023-08-01,2026-07-31,2.9979466119096507,205320.53424657535,314383.57,1257534.28,6.1247370342889855
BookingLab Limited,BOOKINGLAB,IT-402-1498-P00001498 - AWARD,Digital Event and Appointment Booking - AWARD,173000.0,2025-04-01,2032-03-31,6.997946611909651,24721.537558685446,24000.0,96000.0,3.883253611233101
Exacom Systems Ltd,EXACOM SYSTEMS,G-Cloud 14 RM1557.14,CIL & S106 Management System,50358.0,2025-04-01,2029-03-31,3.997262149212868,12598.12294520548,12105.85,48423.4,3.843699590059065
ACE WHEELCHAIR TRAVEL,ACE WHEELCHAIR TRAVEL,IT-402-1545-P00001545 - AWARD,TVS/14/ES - Thames Valley School RG30 4BZ and English Martyrs RC Primary School RG30 4BZ (Lot 1) Requires a Passenger Assistant - AWARD,45280.0,2025-02-21,2026-07-31,1.4373716632443532,31501.942857142858,28458.0,113832.0,3.613491412774541
Valley Cars,VALLEY CARS,P00001213,HIL/01/ES - Hillcrest New Barn (Lot 1) Requires Passenger Assistant,68400.0,2023-09-05,2026-07-31,2.9021218343600275,23568.96226415094,19141.0,76564.0,3.24850959248452
WCL UK Ltd (Trading as Everything ICT),WCL,P00001021,Managed ICT Services for Schools in West Berkshire,407558.59,2024-04-01,2027-03-31,2.9952087611225187,136070.1782426874,102882.78,411531.12,3.024403475580192
SMS-Environmental Ltd,SMS ENVIRONMENTAL,IT-402-1599-P00001599 - AWARD,Water Maintenance Services - AWARD,26021.66,2025-08-01,2027-07-31,1.995893223819302,13037.601255144033,7758.91,31035.64,2.380471636816993
Softcat Ltd,SOFTCAT,IT-402-1666-P00001666 - AWARD,Desktop & Server Anti Virus EDR/XDR - AWARD,57907.0,2025-10-03,2028-10-02,2.9979466119096507,19315.554109589044,11005.0,44020.0,2.2789923473200617
IDOX SOFTWARE LTD,IDOX SOFTWARE,P00000844,"Planning, Associated Services and Document Management System",714533.0,2023-04-01,2030-03-31,6.997946611909651,102106.0947769953,51226.409999999996,204905.63999999998,2.0067914696720495
TWO SAINTS LTD,TWO SAINTS,IT-402-1432-P00001432 - AWARD,Adult Homeless Accommodation Service  - AWARD,2500000.0,2025-04-01,2030-04-01,4.999315537303217,500068.45564074477,213288.44999999998,853153.7999999999,1.7060740192197126
Newbury & District Ltd,NEWBURY AND DISTRICT,IT-402-1044-P00001044 - AWARD,Local Bus Services Network (West Berkshire) 2024-2032 - AWARD,9277640.32,2024-09-05,2032-09-04,7.997262149212868,1160102.0632933928,388779.88,1555119.52,1.3405023309631907
Southern Communications Corporate Solutions Ltd,SOUTHERN COMMUNICATIONS CORPORATE SOLUTIONS,P00001009,West Berkshire Council / Telephony Solution (Corporate and Contact Centre) RM3808 Lot 5,303131.96,2023-08-15,2030-08-14,6.997946611909651,43317.27245305165,11492.23,45968.92,1.0612145547673222
School of Sexuality Education,SCHOOL OF SEXUALITY EDUCATION,P00001196,Sexual Health Training Services,17500.0,2023-09-15,2027-03-31,3.540041067761807,4943.445475638051,1250.0,5000.0,1.011440305074802
Ricoh UK Ltd,RICOH,IT-402-1584-P00001584 - AWARD,"Specialist Print Room Equipment, Maintenance & Technical Support - AWARD",263013.0,2025-10-01,2032-09-30,6.997946611909651,37584.31073943662,9473.16,37892.64,1.0082036694167669
Ubitricity Distributed Energy Systems UK Ltd,UBITRICITY DISTRIBUTED ENERGY SYSTEMS,P00000883,Electric Vehicle Charging Points (EVCPs) for on-street and residential areas in West Berkshire,425375.0,2023-04-03,2027-04-02,3.997262149212868,106416.5881849315,18675.0,74700.0,0.7019582310812841
INSIGHT DIRECT (UK) LTD,INSIGHT DIRECT,P00001042,HR & Payroll System requirement (Software as a Service) RM6194 further competition,1915881.33,2023-08-10,2029-08-09,5.9986310746064335,319386.4243644455,46075.33,184301.32,0.5770480707398429
SWARCO SMART CHARGING LTD,SWARCO SMART CHARGING,P00001146,"Supply, Installation and Maintenance of Electric Vehicle Charge Points (West Berkshire car parks and community locations)",1381042.0,2023-11-20,2027-11-19,3.997262149212868,345496.97979452054,42032.880000000005,168131.52000000002,0.48663672863361607
Care Outlook Ltd,CARE OUTLOOK,IT-402-978-P00000978 - AWARD,Provision of a Care and Support Service  - Extra Care Housing - AWARD,7100000.0,2023-10-01,2028-09-30,4.999315537303217,1420194.4140197153,141432.71,565730.84,0.3983474617385352
ASCIA CONSTRUCTION LIMITED,ASCIA CONSTRUCTION,IT-402-1549-P00001549 - AWARD,Falkland Primary School Classroom Replacement - AWARD,3703481.34,2025-09-22,2026-10-26,1.0924024640657084,3390216.9409398497,332579.29,1330317.16,0.392398829684098
Causeway Technologies Limited,CAUSEWAY TECHNOLOGIES,RM6099,Streetworks co-ordination platform,97971.0,2025-04-01,2028-03-31,2.9979466119096507,32679.36780821918,1600.0,6400.0,0.19584222184342065
FELTHAM CONSTRUCTION LTD,FELTHAM CONSTRUCTION,IT-402-1527-P00001527 - AWARD,Royal Berkshire Archives Extension - AWARD,2612663.0,2026-03-09,2027-02-17,0.944558521560575,2766014.958695652,77997.11,311988.44,0.1127934753278131
Alliance Leisure Services Limited,ALLIANCE LEISURE SERVICES,2019,"Installation of floodlights at Faraday Road Football Ground, Newbury",309011.24,2026-06-26,2026-09-29,0.2600958247775496,1188066.8990526316,9350.0,37400.0,0.03147970878561038
