supplier_norm,match_class,candidate,score,rule,spend_total_gbp,annualised estimate
12 COLLEGE PLACE,none,,0.387,,650.0,2600.0
1ST CHOICE STAIRLIFTS,none,,0.516,,11827.0,47308.0
1ST TRANSPORT INNOVATION READING,none,,0.471,,20341.5,81366.0
360 SECURITY AND SUPPORT SERVICES,none,,0.638,,11995.04,47980.16
6 PUMP COURT MISS NOEMI BYRD,none,,0.392,,3000.0,12000.0
A AND E BUILDERS,none,,0.5,,62693.64,250774.56
A AND E FIRE AND SECURITY,none,,0.48,,10714.72,42858.88
A C EDUCATION,none,,0.581,,4500.0,18000.0
A MONGER,none,,0.414,,28751.97,115007.88
A PROJECT,none,,0.435,,3633.33,14533.32
A1 CARS,exact,A1 CARS,1.0,exact,3465.0,13860.0
A1 RISK SOLUTIONS,none,,0.615,,3350.0,13400.0
A2 DOMINION,none,,0.486,,136612.06,546448.24
A34 PCN,none,,0.429,,6670.21,26680.84
ABACUS NURSERY,none,,0.462,,76985.49,307941.96
ABBEYFIELD SOCIETY WINNERSH,none,,0.413,,7469.38,29877.52
ABC TRAVEL,exact,ABC TRAVEL,1.0,exact,63141.0,252564.0
ABI SUPPORT,none,,0.519,,343415.59,1373662.36
ABICARE,none,,0.588,,27809.28,111237.12
ACADEMY21,none,,0.421,,2772.0,11088.0
ACCESS,none,,0.462,,6650.0,26600.0
ACCESS AND AUTOMATION,none,,0.474,,3885.0,15540.0
ACE CHILDREN S OCCUPATIONAL THERAPY,none,,0.459,,881.25,3525.0
ACE WHEELCHAIR TRAVEL,exact,ACE WHEELCHAIR TRAVEL,1.0,exact,28458.0,113832.0
ACER HEALTHCARE OPERATIONS,none,,0.542,,16133.0,64532.0
ACHIEVE TOGETHER,none,,0.444,,172385.16,689540.64
ACHIEVING FOR CHILDREN,none,,0.417,,34390.31,137561.24
ACORN CARE AND EDUCATION,none,,0.62,,462897.76,1851591.04
ACORN HOME SUPPORT,none,,0.471,,51197.56,204790.24
ACORN REMOVALS AND STORAGE,none,,0.516,,768.0,3072.0
ACORNS,none,,0.615,,1354.28,5417.12
ACORNS NURSERY SCHOOL,none,,0.476,,18238.7,72954.8
ACORNS OPERATIONAL ACCOUNT,none,,0.455,,1800.0,7200.0
ACRES OF FUN DAY NURSERY AND PRE SCHOOL,none,,0.465,,323872.96,1295491.84
ACS BUSINESS SUPPLIES,none,,0.667,,1657.18,6628.72
ACTIVATE LEARNING,none,,0.562,,4933.0,19732.0
ADAMS AND SUTHERLAND,none,,0.486,,15350.0,61400.0
ADASS,none,,0.5,,3006.0,12024.0
ADCS,none,,0.545,,976.0,3904.0
ADDINGTON SCHOOL,none,,0.467,,24407.56,97630.24
ADDRESS ENTERPRISE,none,,0.483,,204775.82,819103.28
ADELAIDE HEALTHCARE,none,,0.457,,17374.0,69496.0
ADEPT NETWORKS,none,,0.571,,1365.0,5460.0
ADF ENVIRONMENTAL,none,,0.824,,7345.0,29380.0
ADJOY HEALTHCARE,none,,0.516,,1581.0,6324.0
ADVOCACY PEOPLE,exact,ADVOCACY PEOPLE,1.0,exact,31653.23,126612.92
AERO PROPERTY CONSULTANTS,none,,0.474,,7680.0,30720.0
AFFINITY TRUST SUPPORT,none,,0.474,,1098336.76,4393347.04
AGE BERKSHIRE,none,,0.686,,24724.07,98896.28
ALAN FULLER,none,,0.455,,2112.5,8450.0
ALANIS COACH TRAVEL,exact,ALANIS COACH TRAVEL,1.0,exact,28818.29,115273.16
ALEXANDER GREENWOOD,none,,0.412,,2662.5,10650.0
ALEXANDER S SUPPORTED LIVING,none,,0.512,,7395.13,29580.52
ALISON CONQUER,none,,0.514,,6676.56,26706.24
ALL CARE,none,,0.737,,156050.59,624202.36
ALL SEASONS CARE SERVICES,none,,0.64,,6343.67,25374.68
ALLIANCE LEISURE SERVICES,exact,ALLIANCE LEISURE SERVICES,1.0,exact,9350.0,37400.0
ALLIED CARE SERVICES,none,,0.756,,8829.8,35319.2
ALLIED PUBLICITY SERVICES,none,,0.64,,1215.44,4861.76
ALLPAY,none,,0.471,,4290.88,17163.52
ALLSTAR BUSINESS SOLUTIONS,none,,0.64,,22890.57,91562.28
ALMAAZ 59,exact,ALMAAZ 59,1.0,exact,61536.1,246144.4
ALPHA CARE AMBULANCE SERVICE,none,,0.615,,650.0,2600.0
ALPHA HEAT MECHANICAL,none,,0.524,,2304.77,9219.08
ALPHA XPERIENCE,none,,0.462,,4365.0,17460.0
ALSICO LAUCUBA,none,,0.483,,702.62,2810.48
AM HOMECARE SERVICES,none,,0.622,,25840.54,103362.16
AMANDA COVENTRY,none,,0.562,,15151.46,60605.84
AMBER ATHILL,none,,0.48,,900.0,3600.0
AMBITION 24 HOURS,none,,0.455,,1572.31,6289.24
AMEGREEN CHILDRENS SERVICES,none,,0.577,,750437.33,3001749.32
AMICUS RESIDENTIAL CARE,none,,0.5,,94200.0,376800.0
AMMA CHILDCARE SERVICES,none,,0.625,,116000.0,464000.0
AMR CONSULT,none,,0.583,,16149.82,64599.28
AMS CARE WILTSHIRE,none,,0.545,,42251.04,169004.16
AMY HAINES,none,,0.571,,8650.72,34602.88
ANCHOR PIPEWORK,none,,0.552,,127841.41,511365.64
ANCHOR VANS,none,,0.455,,13293.0,53172.0
ANDREA LOTZ,none,,0.526,,2606.87,10427.48
ANDREW COX,none,,0.778,,13900.0,55600.0
ANDREW SIMPSON SAILING FOUNDATION,none,,0.436,,4756.5,19026.0
ANDY AND ES,none,,0.636,,171158.85,684635.4
ANN ARBOR PUBLISHERS,none,,0.488,,1981.13,7924.52
ANN ATKINS,none,,0.571,,13676.85,54707.4
ANNEX PROJECT,none,,0.444,,1200.0,4800.0
ANNODATA,none,,0.545,,4146.95,16587.8
ANTALIS,none,,0.667,,526.91,2107.64
APETITO,none,,0.421,,2494.05,9976.2
APEX HEALTHCARE SERVICES,none,,0.625,,683.09,2732.36
APEX PRIME CARE,none,,0.593,,46559.23,186236.92
APPELLO T AS CARELINE,none,,0.5,,8741.0,34964.0
APPLE ORCHARD,none,,0.583,,18197.94,72791.76
AQUAID,none,,0.353,,2997.8,11991.2
ARBTECH CONSULTING,none,,0.611,,2688.0,10752.0
ARCH FUTURES,none,,0.48,,177849.6,711398.4
ARCHIBALD SHAW,none,,0.4,,2155.0,8620.0
ARDENT,none,,0.471,,85119.55,340478.2
ARJO,none,,0.444,,734.87,2939.48
ARK PRESENTATION,none,,0.444,,532.9,2131.6
ARLINGCLOSE,none,,0.526,,7050.0,28200.0
ARMA CONNECT,none,,0.56,,838.56,3354.24
ARNFIELD CARE,none,,0.56,,8144.12,32576.48
ASCIA CONSTRUCTION,exact,ASCIA CONSTRUCTION,1.0,exact,332579.29,1330317.16
ASH BROOK FUNERAL DIRECTORS,none,,0.476,,2490.0,9960.0
ASHFORDS,none,,0.455,,13700.0,54800.0
ASHLEY FORMS,none,,0.609,,1941.0,7764.0
ASKEWS AND HOLTS LIBRARY SERVICES,none,,0.58,,9620.7,38482.8
ASTON CARE,none,,0.588,,8773.33,35093.32
ASTON NURSING SERVICES,none,,0.696,,45499.81,181999.24
ASTOUNDING CARE SERVICES,none,,0.667,,9526.52,38106.08
ASTRAL PS,none,,0.526,,8592.0,34368.0
ATHLON MOBILITY SERVICES,none,,0.582,,5170.36,20681.44
AUDLEY CARE WHITE HORSE,none,,0.529,,12326.26,49305.04
AURORA FE,none,,0.48,,47363.17,189452.68
AURORA ROWAN SCHOOL,none,,0.45,,31666.67,126666.68
AUSTEN HOUSE,none,,0.581,,5943.05,23772.2
AUTO SKILLS C I C,none,,0.444,,13015.0,52060.0
AVOM CARE,none,,0.632,,4207.14,16828.56
B L I S S SUPPORT SERVICES,none,,0.588,,7414.37,29657.48
B R SYSTEMS,none,,0.64,,680.0,2720.0
BACYP,none,,0.4,,19779.0,79116.0
BAILEYS OF NEWBURY,near_contain,BAILEYS COACHES,0.606,single distinctive token unique on both sides,68206.35,272825.4
BARCHESTER HEALTHCARE MOUNT TRYON CARE HOME,none,,0.369,,18665.12,74660.48
BARCHESTER HEALTHCARE ROTHSAY GRANGE,none,,0.452,,7420.22,29680.88
BARLOW AND SONS,none,,0.457,,1086.8,4347.2
BASILDON CE PRIMARY,none,,0.438,,5100.54,20402.16
BBOWT,none,,0.4,,144317.43,577269.72
BCJD,none,,0.286,,1000.0,4000.0
BDI SECURITIES,none,,0.514,,8358.03,33432.12
BEAM UP,none,,0.412,,45954.0,183816.0
BEANSHEAF COMMUNITY PRE SCHOO,none,,0.556,,25705.36,102821.44
BECKY TURNER,none,,0.545,,2750.0,11000.0
BEEHIVE ENTERPRISE,none,,0.444,,16539.46,66157.84
BEENHAM CATERPILLARS,none,,0.45,,59582.38,238329.52
BEENHAM PRE SCHOOL,none,,0.452,,29568.15,118272.6
BELLMAN AND SYMFON,none,,0.474,,2307.8,9231.2
BERKS FOODBANK,none,,0.414,,111340.0,445360.0
BERKSHIRE CARPETS AND BLINDS AND TODD S FLOORING,none,,0.361,,3777.0,15108.0
BERKSHIRE FLOORING,none,,0.476,,1640.0,6560.0
BERKSHIRE MECHANICAL SERVICES,none,,0.604,,68040.0,272160.0
BERKSHIRE WOMENS AID,none,,0.455,,52997.5,211990.0
BEST PINNACLE CARE,none,,0.483,,85365.04,341460.16
BESTWAY RELOCATION,none,,0.6,,550.92,2203.68
BETHANY CARE TRUST,none,,0.529,,15512.5,62050.0
BETHANY HAYES,none,,0.5,,25785.54,103142.16
BETTER GROUP,none,,0.545,,588490.08,2353960.32
BEVAN BRITTAN,none,,0.429,,3073.7,12294.8
BEYOND,none,,0.381,,5880.0,23520.0
BFS GROUP,none,,0.444,,2319.4,9277.6
BIKEABLITY TRUST,none,,0.438,,1426.65,5706.6
BLAKE MORGAN,none,,0.48,,10911.76,43647.04
BLEEP 360 CARE,none,,0.533,,214048.92,856195.68
BLISS RESIDENTIAL CARE,none,,0.526,,35784.44,143137.76
BLISSFUL LIVING,none,,0.435,,1043.52,4174.08
BLOOM PROCUREMENT SERVICES,none,,0.566,,100210.53,400842.12
BLOOMFIELD CARE,none,,0.64,,56132.45,224529.8
BLUE LEVEL MEDIA,none,,0.385,,700.0,2800.0
BLUE SKY FOSTERING,none,,0.452,,27430.48,109721.92
BOLINDA,none,,0.588,,45000.0,180000.0
BONDCARE,none,,0.571,,14414.19,57656.76
BOOKINGLAB,exact,BOOKINGLAB,1.0,exact,24000.0,96000.0
BOOKTRUST,none,,0.421,,12981.2,51924.8
BOOT FARM KINDERGARDEN,none,,0.5,,42573.08,170292.32
BOTTOMLINE TECHNOLOGIES,none,,0.636,,19565.04,78260.16
BPR,none,,0.333,,2800.0,11200.0
BRACKNELL FOREST BOROUGH CNCL,none,,0.392,,130310.57,521242.28
BRAMLEY CARE,none,,0.696,,133672.24,534688.96
BRENDONCARE FOUNDATION,none,,0.545,,14952.67,59810.68
BRIDGE HOMES SUPPORT,none,,0.424,,14510.0,58040.0
BRIGHTER BEGINNINGS,none,,0.5,,158108.59,632434.36
BRIGHTER LIVING CARE,none,,0.526,,747183.47,2988733.88
BRIGHTWALTON PRE SCHOOL NURSE,none,,0.431,,12282.13,49128.52
BRITISH GAS TRADING,none,,0.558,,4486.38,17945.52
BRITISH TELECOM,none,,0.429,,10479.12,41916.48
BRITS AIRPORT CARS,none,,0.552,,3040.0,12160.0
BROADMEAD RESTHOME,none,,0.581,,161353.42,645413.68
BROADWAY CARS,exact,BROADWAY CARS,1.0,exact,131938.93,527755.72
BROCKHURST AND MARLSTON HOUSE SCHOOLS,none,,0.421,,52684.32,210737.28
BROOKFIELDS SCHOOL,none,,0.429,,236744.0,946976.0
BUCKINGHAMSHIRE COLLEGE GROUP IS A TRADING NAME OF AYLESBURY COLLEGE,none,,0.33,,40031.79,160127.16
BUPA CARE SERVICES,none,,0.622,,1874166.5,7496666.0
BURGHFIELD AND MORTIMER CAR SCHEME,none,,0.475,,3674.77,14699.08
BURGHFIELD AND MORTIMER H BUS,none,,0.444,,7612.65,30450.6
C DELAHUNTY,none,,0.381,,5646.98,22587.92
C L WINDEBANK,none,,0.381,,20198.62,80794.48
CABLE AND WIRELESS COMMUNICATON VODAFONE,none,,0.482,,1121.71,4486.84
CACI,none,,0.4,,12071.67,48286.68
CADLINE,none,,0.455,,4237.0,16948.0
CALL US,none,,0.556,,7084.2,28336.8
CAMBIAN ASPERGER SYNDROME SERVICES,none,,0.59,,63667.66,254670.64
CAMBIAN AUTISM SERVICES,none,,0.667,,310109.53,1240438.12
CAMBIAN SIGN POST,none,,0.452,,111739.04,446956.16
CAMBURG COLLECTIVE,none,,0.462,,7150.0,28600.0
CAMINO CARE,none,,0.667,,370095.54,1480382.16
CAMP HOPSON REMOVALS,none,,0.485,,2298.45,9193.8
CAMPHILL VILLAGE TRUST,none,,0.391,,14007.22,56028.88
CANAL AND RIVER TRUST,none,,0.462,,4358.05,17432.2
CANARY CARE SERVICES,none,,0.636,,107576.16,430304.64
CANNON PARK PRIMARY SCHOOL,none,,0.423,,3250.0,13000.0
CARAVANTASTIC,none,,0.424,,17588.1,70352.4
CARE COMMUNITY PARTNERSHIPS,none,,0.476,,293507.99,1174031.96
CARE HOME NEWBURY,none,,0.483,,11949.95,47799.8
CARE OUTLOOK,exact,CARE OUTLOOK,1.0,exact,141432.71,565730.84
CARE PARTNERS,none,,0.48,,19312.93,77251.72
CARE SERVICES TO YOU,none,,0.545,,335856.78,1343427.12
CAREBUS VOLUNTEER GROUP,none,,0.455,,7252.63,29010.52
CARELINE,none,,0.522,,8823.1,35292.4
CARELINK HOMECARE SERVICES,none,,0.667,,4648.7,18594.8
CAREMARK,none,,0.5,,63874.85,255499.4
CAREMATCH,none,,0.48,,20156.16,80624.64
CARETECH COMMUNITY SERVICES L,none,,0.554,,84154.62,336618.48
CARNATION DAY CARE SERVICES,none,,0.588,,11173.86,44695.44
CAROLINE COLLINS,none,,0.5,,1820.8,7283.2
CAROLINE ROSIER,none,,0.5,,4946.76,19787.04
CARTER JONAS,none,,0.48,,4137.0,16548.0
CASTLE WATER,none,,0.485,,31291.86,125167.44
CATHEDRAL LEASING,none,,0.562,,1273.92,5095.68
CATHERINE NASH,none,,0.471,,10574.19,42296.76
CAUSEWAY TECHNOLOGIES,exact,CAUSEWAY TECHNOLOGIES,1.0,exact,1600.0,6400.0
CEDAR HOPE CARE SERVICES,none,,0.625,,171656.19,686624.76
CELADOR APARTMENTS,none,,0.455,,13699.0,54796.0
CGS CONSTRUCTION CONSULTANTS,none,,0.609,,3400.0,13600.0
CHAILEY HERITAGE FOUNDATION,none,,0.464,,28202.01,112808.04
CHANCELLORS,none,,0.462,,3449.98,13799.92
CHANCES GIVES CHOICES,none,,0.489,,945.0,3780.0
CHANGING LIVES CARE GROUP,none,,0.45,,331599.99,1326399.96
CHARMAINE CAULFIELD,none,,0.452,,24850.39,99401.56
CHARMAINE LE ROUX,none,,0.483,,8767.22,35068.88
CHARTERED INSTITUTION OF WASTES MANAGEMENT,none,,0.375,,2233.84,8935.36
CHEDDINGTON COMBINED SCHOOL,none,,0.431,,1490.16,5960.64
CHERRYTREES CARE,none,,0.444,,22619.17,90476.68
CHIEVELEY PRE SCHOOL PLAYGROU,none,,0.419,,19052.87,76211.48
CHILDREY LITTLE DUCKS PRE SCHOOL,none,,0.386,,1000.0,4000.0
CHILMINGTON HOMES,none,,0.457,,45914.6,183658.4
CHILTERN WAY ACADEMY,none,,0.5,,46562.36,186249.44
CHIPSIDE,none,,0.455,,8063.76,32255.04
CHIRON CARE,none,,0.571,,22117.95,88471.8
CHLOE GOULDING,none,,0.5,,13100.67,52402.68
CHOICE,none,,0.545,,242457.06,969828.24
CHP MANAGEMENT,none,,0.516,,6124.64,24498.56
CHRIS BRENNAN,none,,0.5,,6000.0,24000.0
CHRIS HORNE BIA AMHP,none,,0.421,,766.54,3066.16
CHUBB FIRE AND SECURITY,none,,0.512,,7870.02,31480.08
CHURCHEND PRIMARY SCHOOL,none,,0.408,,7256.29,29025.16
CHURCHES FIRE SECURITY,none,,0.435,,3034.97,12139.88
CIEH CHARTERED INSTITUTE OF ENVIRONMENTAL HEALTH,none,,0.462,,850.0,3400.0
CINDY REYNALD,none,,0.455,,3724.38,14897.52
CIPFA BUSINESS,none,,0.632,,2020.0,8080.0
CIRRUS RESEARCH,none,,0.467,,951.0,3804.0
CITY OF LONDON,none,,0.462,,14165.0,56660.0
CIVICA,exact,CIVICA,1.0,exact,48011.36,192045.44
CLAIRE EVANS,none,,0.486,,1693.0,6772.0
CLEAPSS,none,,0.571,,5155.56,20622.24
CLEEVE LODGE,none,,0.424,,39636.14,158544.56
CLOSOMAT,none,,0.533,,522.0,2088.0
COATE WATER CARE,none,,0.552,,37771.11,151084.44
COATE WATER CARE CO,none,,0.5,,28201.75,112807.0
COCKLEBURY FARMHOUSE HOMES,none,,0.429,,32861.68,131446.72
COLD ASH PRE SCHOOL,none,,0.458,,29486.39,117945.56
COLLABORATIVE CARE SERVICES,none,,0.627,,12716.35,50865.4
COLLEGE OF LAW SERVICES,none,,0.583,,1110.0,4440.0
COLLEYCARE,none,,0.667,,28206.55,112826.2
COLOUR IDEA,none,,0.444,,1071.6,4286.4
COMENSURA,none,,0.48,,1275552.15,5102208.6
COMFI CARS,exact,COMFI CARS,1.0,exact,8820.0,35280.0
COMFORT CARE,none,,0.727,,10127.41,40509.64
COMFORT HARMONY CARE,none,,0.533,,159139.72,636558.88
COMMERCIAL ENVIRONMENTAL SERVICES,none,,0.6,,510.0,2040.0
COMMERCIAL SERVICES KENT,none,,0.542,,26549.25,106197.0
COMPASS EXECUTIVE CARS,exact,COMPASS EXECUTIVE CARS,1.0,exact,101156.5,404626.0
COMPASS FOSTERING SOUTH,none,,0.489,,12257.16,49028.64
COMPLETE BUSINESS SOLUTIONS GROUP,none,,0.561,,2146.28,8585.12
COMPTON PRE SCHOOL,none,,0.483,,30104.61,120418.44
CONNECT 2 FLEXICARE,none,,0.462,,39835.2,159340.8
CONNECT VENDING,none,,0.457,,975.0,3900.0
CONNICK TREE CARE,none,,0.545,,73404.42,293617.68
CONTINENTAL LANDSCAPES,none,,0.524,,108423.39,433693.56
CONVERGENT TECHNOLOGY,none,,0.571,,27160.54,108642.16
CORAM BAAF ADOPTION AND FOSTERING ACADEMY,none,,0.442,,3587.88,14351.52
CORAM CHILDREN S LEGAL CENTRE,none,,0.489,,2591.0,10364.0
CORDELL HEALTH,none,,0.4,,6195.0,24780.0
CORNERSTONE BACS,none,,0.467,,19500.0,78000.0
CORNERWAYS HOMES,none,,0.541,,105142.2,420568.8
COUNTRY COURT CARE HOMES 2,none,,0.476,,16607.7,66430.8
COVERAD,none,,0.462,,695.31,2781.24
CRAEGMOOR EASTROP HOUSE PRIORY GROUP,none,,0.473,,79460.64,317842.56
CREAM HOLDINGS,none,,0.552,,46398.05,185592.2
CREATIVE COMMUNITIES,none,,0.488,,5000.0,20000.0
CREATIVE RESPONSE,none,,0.621,,525.52,2102.08
CREATIVE SUPPORT,none,,0.438,,265867.7,1063470.8
CREDITSAFE BUSINESS SOLUTIONS,none,,0.642,,899.0,3596.0
CREDO CARE,none,,0.6,,25363.87,101455.48
CRESCENT SIGNS,none,,0.55,,9791.0,39164.0
CROSSROADS CARE WEST BERKSHIRE,none,,0.607,,58776.6,235106.4
CROWN HOME CARE,none,,0.56,,16135.42,64541.68
CYCLESCHEME,none,,0.462,,4214.17,16856.68
CYGNET CARE SERVICES,none,,0.636,,204622.43,818489.72
D J TAYLOR,none,,0.632,,26127.54,104510.16
D J TRAVEL,near_ratio,DJ TRAVEL,0.947,SequenceMatcher ratio >= 0.85,67966.91,271867.64
D OSTEEN,none,,0.476,,14642.75,58571.0
DANIEL GRIFFITHS,exact,DANIEL GRIFFITHS,1.0,exact,54810.0,219240.0
DARRON PEARCE,none,,0.474,,590.0,2360.0
DATTO EUROPE,none,,0.519,,10000.0,40000.0
DAVIS AND ASSOCIATES CONSULTANCY,none,,0.52,,800.0,3200.0
DAWN ARCHITECTURAL SERVICES,none,,0.577,,5166.72,20666.88
DAWN REVELL,none,,0.571,,526.55,2106.2
DAYS FLEET,none,,0.48,,11007.49,44029.96
DDC DOLPHIN,none,,0.385,,2236.0,8944.0
DEBORAH CALDER,none,,0.533,,7572.31,30289.24
DENEFIELD SCHOOL,none,,0.438,,6000.0,24000.0
DEPUTYSHIP,none,,0.429,,843.88,3375.52
DEVCOMMS SOUTH EAST,none,,0.488,,38785.3,155141.2
DEVELOP MY CHILD,none,,0.421,,4382.0,17528.0
DIANA FOLLEY,none,,0.471,,3600.24,14400.96
DIMENSIONS,none,,0.5,,332203.21,1328812.84
DINGLEY PROMISE,none,,0.467,,14884.29,59537.16
DISPLAYSENSE,none,,0.444,,815.79,3263.16
DIXON ENGINEERING,none,,0.467,,514.95,2059.8
DIXON SEARLE PARTNERSHIP,none,,0.44,,11280.0,45120.0
DNA HOME IMPROVEMENTS,none,,0.471,,11920.0,47680.0
DOCTOR ABC,none,,0.421,,1400.0,5600.0
DOMESTIC LIFT SERVICES,none,,0.609,,2120.0,8480.0
DONNA PARKIN,none,,0.444,,3379.86,13519.44
DOWNER AND CO,none,,0.571,,3750.0,15000.0
DOWNLAND VOLUNTEER GROUP,none,,0.409,,6387.2,25548.8
DOWNS SCHOOL TRUST,none,,0.581,,2362.6,9450.4
DOWNVIEW RESIDENTIAL HOME,none,,0.429,,155202.92,620811.68
DPR CONSULTING SERVICES,none,,0.638,,9000.0,36000.0
DR PATRICK PURCELL,none,,0.444,,3991.97,15967.88
DR RABHYA DEWSHI,none,,0.474,,2312.5,9250.0
DUNRAVEN HOUSE,none,,0.5,,8490.47,33961.88
DUPLEX CLEANING MACHINES,none,,0.595,,513.0,2052.0
DWP DEBT MANAGEMENT,none,,0.444,,4440.67,17762.68
E BURTON SERVICES,none,,0.634,,2057.6,8230.4
E W BEARD,none,,0.444,,382652.7,1530610.8
E WALLET,none,,0.421,,8000.0,32000.0
EARLY EDUCATION,none,,0.636,,954.0,3816.0
EARLY RISE CARE,none,,0.529,,126091.62,504366.48
EARTHING EQUIPMENT SUPPLIES,none,,0.491,,895.0,3580.0
EAST SUSSEX COUNTY COUNCIL,none,,0.436,,5893.0,23572.0
EDF ENERGY,none,,0.476,,876.24,3504.96
EDGE TRAINING AND CONSULTANCY,none,,0.468,,3250.0,13000.0
EDINGTON SPINK AND HYNE,none,,0.419,,6370.0,25480.0
EDUCAFE,none,,0.435,,15000.0,60000.0
EDUCATION SOFTWARE SOLUTIONS,none,,0.84,,110330.35,441321.4
EE,none,,0.5,,8312.11,33248.44
ELEANOR CHAPLIN,none,,0.5,,3871.78,15487.12
ELECTORAL REFORM SERVICES,none,,0.571,,16323.69,65294.76
ELEGANT CARE SERVICES,none,,0.609,,8184.0,32736.0
ELIALI MPC,none,,0.429,,17428.92,69715.68
ELIOR,none,,0.462,,161415.59,645662.36
ELITE MINI COACHES,exact,ELITE MINI COACHES,1.0,exact,10199.0,40796.0
ELITE SECURITY GROUP,none,,0.468,,10178.25,40713.0
ELITE SYSTEMS,none,,0.667,,9677.86,38711.44
ELIZABETH ALLEN,none,,0.429,,1570.0,6280.0
ELLIOTT BAXTER,none,,0.4,,6061.62,24246.48
ELSTREE SCHOOL,none,,0.5,,6776.43,27105.72
EMILENE DAVIS,none,,0.615,,4000.0,16000.0
EMS,none,,0.571,,9359.65,37438.6
ENABLE INCLUSIVE SUPPORT,none,,0.5,,56473.67,225894.68
ENCOMPASS,none,,0.526,,26810.09,107240.36
ENGAGING POTENTIAL,none,,0.514,,272549.17,1090196.68
ENGLEFIELD ESTATE LP,none,,0.375,,7990.25,31961.0
ENGLEFIELD ESTATE TRUST CORPORATION,none,,0.473,,19667.64,78670.56
ENIKO DUDAS,none,,0.435,,5495.24,21980.96
ENIRO CARE,none,,0.636,,195609.88,782439.52
ENJOY TRAINING T AS REBEL BUSINESS SCHOOL,none,,0.431,,12950.0,51800.0
ENRICHED CARE SUPPORT SERVICES,none,,0.691,,163424.21,653696.84
EPOSNOW,none,,0.421,,1539.0,6156.0
ESLAND NORTH,none,,0.5,,108129.98,432519.92
ESSENTIAL COMPUTING,none,,0.541,,5239.0,20956.0
ETERNAL HOMECARE READING,none,,0.667,,29808.9,119235.6
ETHU CRORIE,none,,0.452,,1500.0,6000.0
EUCLID,none,,0.444,,4373.41,17493.64
EVERYONE ACTIVE,none,,0.51,,708.33,2833.32
EVM DIRECT,none,,0.583,,905.34,3621.36
EVOUCHERS,none,,0.556,,1694.5,6778.0
EW PSYCHOLOGY,none,,0.529,,850.0,3400.0
EXACOM SYSTEMS,exact,EXACOM SYSTEMS,1.0,exact,12105.85,48423.4
EXCALIBUR ACADEMIES TRUST JOHN O GAUNT SCHOOL,none,,0.394,,13265.85,53063.4
EXPERT ACCESS SOLUTIONS,none,,0.533,,914.0,3656.0
FAITH HOPE AND FAMILIES,none,,0.488,,5546.0,22184.0
FAMILY FUTURES CONSORTIUM,none,,0.489,,990.0,3960.0
FAMILYPLACEMENT COM,none,,0.412,,34892.2,139568.8
FCS LIVE,none,,0.444,,1755.0,7020.0
FD TRAVELS,exact,FD TRAVELS,1.0,exact,165324.47,661297.88
FEES AND CHARGES CO,none,,0.564,,19750.0,79000.0
FELTHAM CONSTRUCTION,exact,FELTHAM CONSTRUCTION,1.0,exact,77997.11,311988.44
FETLOCKS HOUSING,none,,0.571,,20142.34,80569.36
FIDELITI,none,,0.444,,9521.0,38084.0
FIDELITY HEALTHCARE,none,,0.457,,172168.19,688672.76
FIDELITY HEALTHCARE GROVE HILL,none,,0.426,,5765.67,23062.68
FIDELITY HEALTHCARE MOORMEAD,none,,0.508,,12534.1,50136.4
FIELDWORK REST AND PLAY,none,,0.458,,6760.0,27040.0
FIONA RYAN,none,,0.462,,2317.79,9271.16
FIR TREE SCHOOL,none,,0.48,,2957.97,11831.88
FIS PAYMENTS TRAVELODGE,none,,0.591,,17981.63,71926.52
FIVE RIVERS CHILD CARE,none,,0.455,,132695.29,530781.16
FIX A DOOR,none,,0.5,,1295.0,5180.0
FLEDGLINGS DAY NURSERY,none,,0.421,,134007.39,536029.56
FLEET PARTNERSHIP SOLUTIONS,none,,0.612,,533.0,2132.0
FLOORS MADE EASY,none,,0.438,,15000.0,60000.0
FLORENCE CARE READING,none,,0.711,,98945.79,395783.16
FLOURISH FOSTERING,none,,0.429,,13639.0,54556.0
FLOURISH WITH PHOENIX,none,,0.417,,540.0,2160.0
FLOURISHING FAMILIES ASSESSMENT SERVICE,none,,0.515,,94667.85,378671.4
FOCUS SUPPORT,none,,0.385,,302627.43,1210509.72
FOR FAMILIES,none,,0.5,,43135.7,172542.8
FORBURY GARDENS DAY NURSERY,none,,0.426,,126637.46,506549.84
FOREST BRIDGE SCHOOL,none,,0.409,,28313.42,113253.68
FOSTER CARE ASSOCIATES,none,,0.524,,9603.88,38415.52
FOSTERING FOR YOU,none,,0.444,,15771.68,63086.72
FOSTERING TOGETHER,none,,0.471,,5933.97,23735.88
FOUR CORNERS CARE,none,,0.486,,48548.57,194194.28
FOXGLOVE FARM CARE PROJECT,none,,0.524,,1666.5,6666.0
FRAME AND FRAME,none,,0.452,,3300.0,13200.0
FRANCIS BAILY PRIMARY SCHOOL,none,,0.491,,1189.0,4756.0
FREETHS,none,,0.471,,3522.3,14089.2
FREIGHT TRANSPORT ASSOCIATION,none,,0.519,,1500.0,6000.0
FREIGHTSHIELD REPAIR AND SERVICE,none,,0.5,,3963.18,15852.72
FRONTISTI SERVICES,none,,0.667,,65050.04,260200.16
FUNCTIONABILITY,none,,0.414,,2130.95,8523.8
FUNTASTIC KIDS,none,,0.41,,9153.43,36613.72
FUSION FOSTERING,none,,0.486,,23102.76,92411.04
G E BUILDING SERVICES,none,,0.622,,59938.0,239752.0
G7 BUSINESS SOLUTIONS,none,,0.605,,16364.56,65458.24
GABRIEL S ANGELS,none,,0.516,,9850.32,39401.28
GADBOURNE SERVICES,none,,0.667,,29691.64,118766.56
GARD NER MEMORIAL MORE HOUSE SCHOOL,none,,0.386,,32533.0,130132.0
GB HVAC,none,,0.364,,1836.0,7344.0
GCH,none,,0.5,,571361.01,2285444.04
GEMMA HESKETH,none,,0.483,,4262.16,17048.64
GEORGINA MILNE,none,,0.48,,5066.22,20264.88
GET ACTIVE SPORTS,none,,0.485,,13943.86,55775.44
GK SPECIALIST CLEANING SERVICES,none,,0.567,,1275.0,5100.0
GLEN CLEANING COMPANY,near_contain,GLEN CLEANING,0.765,single distinctive token unique on both sides,92393.12,369572.48
GLOBAL MEDIATION,none,,0.533,,13125.0,52500.0
GLOUCESTERSHIRE COUNTY COUNCIL,none,,0.438,,7690.28,30761.12
GO GREEN TAXIS,none,,0.615,,13974.25,55897.0
GOLDCREST CARE SERVICES,none,,0.638,,113416.91,453667.64
GOLDEN AURA CARE,exact,GOLDEN AURA CARE,1.0,exact,20704.0,82816.0
GOLDEN LANE HOUSING,none,,0.688,,6764.42,27057.68
GP HOMECARE TA RADIS COMM CARE,none,,0.478,,22684.56,90738.24
GRACE COUPLAND,none,,0.519,,650.0,2600.0
GRACEWELL HEALTHCARE,none,,0.516,,170962.33,683849.32
GRAHAM KENNEDY TA SAM S REMOVALS,none,,0.429,,1780.0,7120.0
GRANGE NURSING HOME,none,,0.414,,1542.85,6171.4
GREAT SHEFFORD UNDER FIVES,none,,0.415,,12203.48,48813.92
GREATER LONDON FOSTERING,none,,0.5,,14560.0,58240.0
GREEN MATTHEWS,none,,0.64,,562.5,2250.0
GREEN METRO CARS READING,exact,GREEN METRO CARS READING,1.0,exact,32321.47,129285.88
GREEN SHED CIDER COMPANY,none,,0.514,,5918.0,23672.0
GREENHAM TRUST,none,,0.64,,5000.0,20000.0
GVA GRIMLEY,none,,0.455,,5500.0,22000.0
H F,none,,0.308,,1000.0,4000.0
H F TRUST,none,,0.526,,21303.67,85214.68
HAG SHUTTERS AND GRILLES,none,,0.49,,2251.8,9007.2
HALO TECHNOLOGIES INVESTMENTS,none,,0.56,,695.0,2780.0
HAMILTON SPRINGS HEALTH CARE,none,,0.456,,18952.41,75809.64
HAMWAYS,none,,0.5,,785.0,3140.0
HANNING HOMES CARE,none,,0.513,,9892.78,39571.12
HANNYS SOCIAL CARE,none,,0.462,,600.0,2400.0
HAPPY KIDS NEWBURY,none,,0.438,,69602.41,278409.64
HARINO CARE,none,,0.556,,2079.0,8316.0
HARMONIA HOUSE,none,,0.424,,129072.0,516288.0
HARRIET HOUSE MONTESSORI,none,,0.5,,48193.17,192772.68
HAYMARKET MEDIA GROUP,none,,0.476,,14995.0,59980.0
HC ONE,none,,0.444,,4625.25,18501.0
HDS EXPRESS TRANSPORT,near_contain,SCHOOL EXPRESS,0.649,single distinctive token unique on both sides,1041.6,4166.4
HEADWAY THAMES VALLEY TOWNLANDS HOSPITAL,none,,0.393,,552.8,2211.2
HEALTHCARE HOMES LADYMEAD CARE HOME,none,,0.393,,76324.14,305296.56
HEARING PRODUCTS INTERNATIONAL,none,,0.441,,1146.0,4584.0
HEART AND HOME LIVING,none,,0.513,,194740.0,778960.0
HEATH FARM FOSTERING,none,,0.6,,20295.2,81180.8
HEATHCOTES M,none,,0.538,,49955.64,199822.56
HELEN MELVIN,none,,0.56,,10113.84,40455.36
HELEN REDDING EDUCATION CONSULTANCY,none,,0.439,,11237.5,44950.0
HELPING HANDS HEALING HOOVES,none,,0.458,,28774.07,115096.28
HENLEY COLLEGE,none,,0.483,,3512.4,14049.6
HENLEY ON THAMES SURVEYORS,none,,0.439,,6700.0,26800.0
HENWICK PROPERTIES,none,,0.414,,10842.71,43370.84
HERMITAGE PRE SCHOOL PLAYGROU,none,,0.419,,30136.28,120545.12
HEROS,none,,0.444,,19863.34,79453.36
HILLTOP HOUSE,none,,0.438,,8964.97,35859.88
HKDSOLUTIONS,none,,0.579,,540.5,2162.0
HM LAND REGISTRY,none,,0.5,,800.0,3200.0
HOLISTIC HOUSING AND CARE,none,,0.488,,13131.86,52527.44
HOLMLEIGH CARE,none,,0.583,,35184.6,140738.4
HOME FRONT,none,,0.667,,50196.78,200787.12
HOPE AND CLAY,none,,0.552,,91306.75,365227.0
HOPE EDUCATION,none,,0.605,,551.24,2204.96
HORRIS HILL PREPARATORY SCHOOL,none,,0.407,,4796.01,19184.04
HORSEMAN COACHES,exact,HORSEMAN COACHES,1.0,exact,8176.72,32706.88
HOUSE OF ADVOCACY,none,,0.526,,628.2,2512.8
HOUSING CARE 21,none,,0.8,,83251.76,333007.04
HOWDEN BROKERS,none,,0.533,,12866.92,51467.68
HSI FURNITURE,none,,0.444,,5695.0,22780.0
HUCKLEBERRY HOUSE,none,,0.389,,144118.39,576473.56
HUMPHREYS TRAINING,none,,0.516,,700.0,2800.0
HURST LODGE SCHOOL,none,,0.412,,75484.45,301937.8
HYGGE CHILDREN S SOCIAL CARE,none,,0.545,,102845.23,411380.92
I V CARE,none,,0.571,,113551.91,454207.64
IAIM CHAPTER,none,,0.526,,539.0,2156.0
IAN GILLMAN SMITH,none,,0.485,,3813.25,15253.0
ICHOOSR,none,,0.5,,11124.5,44498.0
IDOX SOFTWARE,exact,IDOX SOFTWARE,1.0,exact,51226.41,204905.64
IESE INNOVATION,none,,0.486,,64000.0,256000.0
ILLUMINANCE FOSTERING SERVICE,none,,0.667,,35750.26,143001.04
IMAGE BOX CREATIVE,none,,0.452,,2006.66,8026.64
IMPERIAL TREASURY SERVICES,none,,0.706,,4786.85,19147.4
IN2CARE,none,,0.471,,9229.33,36917.32
INCLUSION HAMPSHIRE INCLUSION COLLEGE,none,,0.393,,23500.02,94000.08
INDEPENDENCE WITH DIGNITY SUPPORT SERVICES,none,,0.537,,31518.34,126073.36
INDEPENDENT CLINICAL SERVICES,none,,0.536,,1240.85,4963.4
INDEPTH HYGIENE SERVICES,none,,0.667,,838.0,3352.0
INDIGENOUS BREWERY,none,,0.476,,11740.14,46960.56
INFORMATION COMMISSIONER,none,,0.45,,3763.0,15052.0
INGRAM IMAGE,none,,0.429,,589.0,2356.0
INITIAL WASHROOM HYGIENE,none,,0.4,,581.19,2324.76
INKSPOTS,none,,0.444,,15918.03,63672.12
INSIGHT DIRECT,exact,INSIGHT DIRECT,1.0,exact,46075.33,184301.32
INSIGHT WELLBEING SERVICES,none,,0.528,,1200.0,4800.0
INTELLIDENT,none,,0.4,,6571.0,26284.0
INTERAKT COMMUNITY,none,,0.393,,20050.47,80201.88
INTO CARE,none,,0.526,,5200.32,20801.28
IPC WINDOWS AND PLASTICS,none,,0.49,,672.0,2688.0
ISABELLE GANPATSINGH,none,,0.485,,1210.0,4840.0
ISP CHILDCARE,none,,0.462,,72641.36,290565.44
J R TYRES,none,,0.526,,1938.85,7755.4
JACARANDA SUPPORTED LIVING,none,,0.471,,126918.38,507673.52
JACQUELINE DAINTON,none,,0.5,,15596.56,62386.24
JANES HOUSE MONTESSORI LALATIGS,none,,0.41,,20449.75,81799.0
JC99,none,,0.286,,3556.59,14226.36
JENEVI EDUCARE,none,,0.533,,19294.56,77178.24
JENNI JACKSON,none,,0.452,,12705.66,50822.64
JENNIFER THEARLE,none,,0.5,,14012.82,56051.28
JG TENNIS COACHING,none,,0.581,,1537.0,6148.0
JJ AND S,none,,0.526,,13199.56,52798.24
JOANNE WERNHAM,none,,0.429,,11220.11,44880.44
JOHAV CARE SUPPORT HEALTHCARE,none,,0.444,,332659.28,1330637.12
JOHN GREENOUGH,none,,0.48,,1045.0,4180.0
JOHN PULLEN,none,,0.387,,769.4,3077.6
JOHN STACEY AND SONS,none,,0.5,,2425.0,9700.0
JONES ROBINSON LETTINGS,none,,0.444,,10334.61,41338.44
JPAS CONTRACTING,none,,0.706,,24235.0,96940.0
JUBILEE DAY NURSERY,none,,0.438,,408594.55,1634378.2
JUBILEE GEMS,none,,0.444,,204360.24,817440.96
JULIE BUSHNELL,none,,0.389,,4685.47,18741.88
JUST LEARNING TA BUSY BEES NEWBURY,none,,0.448,,169624.35,678497.4
JUSTBMOORE,none,,0.435,,1500.0,6000.0
KARD GROUP,none,,0.516,,23400.0,93600.0
KARE SUPPORT SERVICES,none,,0.739,,18814.08,75256.32
KAY HEALTHCARE,none,,0.48,,23339.03,93356.12
KAYLEE KINDER,none,,0.444,,8744.44,34977.76
KB REAL ESTATE MANAGEMENT,none,,0.429,,105375.0,421500.0
KCARE NURSING AGENCY,none,,0.455,,7828.42,31313.68
KEELEY PALMER,none,,0.5,,3327.0,13308.0
KENNET AND AVON GROUP,near_contain,KENNET AND AVON CARS,0.829,"distinctive token subset, >= 2 tokens",11735.0,46940.0
KENNET SCHOOL,none,,0.485,,8344.0,33376.0
KENNET VALLEY CATERPILLARS,none,,0.595,,41057.04,164228.16
KENVER HOUSE,none,,0.452,,6489.17,25956.68
KEYSTREAM GROUP,none,,0.611,,17545.0,70180.0
KIND2U LIVING,none,,0.462,,95701.75,382807.0
KINGDOM YOUTH SERVICES,none,,0.609,,6555.71,26222.84
KINGSCLERE NURSERIES,none,,0.622,,28655.35,114621.4
KINTBURY PRESCHOOL PLAYGROUP,none,,0.449,,19214.75,76859.0
KINTBURY VOLUNTEER GROUP,none,,0.444,,2043.14,8172.56
KIRSTIE LEWIN,none,,0.5,,4919.81,19679.24
KK CONSULTANCY,none,,0.5,,5500.0,22000.0
KNIGHT FRANK,none,,0.538,,1349.21,5396.84
KONE,none,,0.444,,2409.6,9638.4
KPMG,none,,0.286,,119155.0,476620.0
LADYBIRDS PRE SCHOOL,none,,0.468,,58103.04,232412.16
LAMBOURN VOLUNTEER GROUP,none,,0.471,,1835.44,7341.76
LANGUAGE LINE SOLUTIONS,none,,0.533,,1868.85,7475.4
LAURA BRAMALL,none,,0.483,,750.0,3000.0
LAURA VAN EYCK,none,,0.533,,6299.37,25197.48
LAURA WEBB,none,,0.538,,6902.87,27611.48
LAWYERS IN LOCAL GOVERNMENT,none,,0.439,,1130.0,4520.0
LEANNE WOODHOUSE,none,,0.389,,2811.24,11244.96
LEASEPLAN,none,,0.4,,16087.15,64348.6
LG FUTURES,none,,0.435,,16335.0,65340.0
LIAISE LODDON,none,,0.48,,200171.96,800687.84
LIAISE LONDON,none,,0.48,,20113.52,80454.08
LIBERTY SUPPORTED LIVING,none,,0.449,,19109.0,76436.0
LIFE CARE CORPORATION,none,,0.537,,36571.43,146285.72
LIFTABILITY,none,,0.526,,19532.03,78128.12
LINDSAY O RIORDAN,none,,0.414,,7572.61,30290.44
LISTER WILDER,none,,0.452,,885.86,3543.44
LITTLE ME DAY NURSERIES,none,,0.519,,8715.99,34863.96
LITTLE ME DAY NURSERY,none,,0.438,,190678.01,762712.04
LITTLE RAINBOWS RAINBOWS CHILDCARE,none,,0.475,,56199.9,224799.6
LIVITY LIFE,none,,0.48,,513074.85,2052299.4
LOCAL GOVERNMENT PROPERTY CONSULTANTS,none,,0.444,,9850.0,39400.0
LOCATE ACCOMMODATION,none,,0.474,,6279.42,25117.68
LORAINE BROWN,none,,0.476,,6638.35,26553.4
LOUISE SPRULES,none,,0.488,,12513.15,50052.6
LOVE LANE PRE SCHOOL,none,,0.444,,12691.38,50765.52
LOVEJOY STEVENS BERKSHIRE,none,,0.553,,1778.85,7115.4
LUCIE MILLON,none,,0.467,,8498.45,33993.8
LUMIVERO,none,,0.429,,2571.45,10285.8
LVS OXFORD,none,,0.417,,41680.66,166722.64
LYCETTE CARE,none,,0.522,,16083.36,64333.44
LYORA HEALTHCARE SERVICES,none,,0.612,,55060.27,220241.08
M ALLUM PLUMBING AND HEATING ENGINEERS,none,,0.413,,4009.0,16036.0
M AND R SERVICES,none,,0.683,,4305.0,17220.0
M K TAYLOR,none,,0.526,,850.0,3400.0
MAIDEN ERLEGH TRUST TA JOHN RANKIN SCHOOLS,none,,0.394,,8046.87,32187.48
MAISHA STAFFING SOLUTIONS,none,,0.596,,104537.41,418149.64
MAKE SENSE THEATRE,none,,0.457,,3950.0,15800.0
MALLARD COTTAGE CHILDCARE,none,,0.478,,37507.39,150029.56
MALLINA GROUP,none,,0.476,,580.0,2320.0
MALTAWARD,none,,0.455,,3380.01,13520.04
MANDY VAN KEMPEN,none,,0.444,,8060.88,32243.52
MANOR PRIMARY SCHOOL,none,,0.478,,4102.67,16410.68
MANTON EXECUTIVES,none,,0.684,,3736.25,14945.0
MARK DILLON,none,,0.462,,35282.0,141128.0
MARNEL LODGE,none,,0.5,,16133.0,64532.0
MARSTON HOLDINGS,none,,0.571,,19746.0,78984.0
MARY HARE SCHOOL,none,,0.439,,201697.0,806788.0
MATRIX BOOKING,none,,0.583,,15300.0,61200.0
MAYFAIR HOMECARE,none,,0.5,,18656.06,74624.24
MCNAHA,none,,0.421,,9360.88,37443.52
MECE FIRE AND SECURITY,none,,0.524,,1600.56,6402.24
MEDACO,none,,0.429,,726.18,2904.72
MELANIE COLLINS,none,,0.514,,5952.14,23808.56
MELANIE SNEDDON,none,,0.429,,4030.0,16120.0
METHOD CONSULTING,none,,0.649,,1500.0,6000.0
METRIC GROUP,none,,0.545,,7361.3,29445.2
MICHELLE PEATE,none,,0.519,,5593.09,22372.36
MIGHTY ALLSTARS,none,,0.48,,1904.69,7618.76
MILKWOOD CARE APPLEWOOD CARE HOME,none,,0.4,,50332.47,201329.88
MILKWOOD CARE BRAEBURN LODGE,none,,0.408,,28681.7,114726.8
MILLBROOK HEALTHCARE,none,,0.474,,3459365.35,13837461.4
MILLY GAYNOR,none,,0.522,,11235.51,44942.04
MINERVA S VIRTUAL ACADEMY,none,,0.429,,15579.44,62317.76
MINI OAKS PRESCHOOL,none,,0.5,,22882.17,91528.68
MINSTEAD TRUST,none,,0.467,,32817.11,131268.44
MISS DEBORAH ADDISON,none,,0.485,,4235.22,16940.88
MISS L A JAY,none,,0.4,,7324.02,29296.08
MISS LYDIA HOGBURN,none,,0.389,,5876.04,23504.16
MISS N A PIERCE,none,,0.5,,9106.02,36424.08
MISS R E BROWN,none,,0.452,,14897.52,59590.08
MJF RECORDS MANAGEMENT,none,,0.462,,9350.8,37403.2
MMCG,none,,0.286,,71717.33,286869.32
MOGO,none,,0.333,,2591.9,10367.6
MOJ HMCTS,none,,0.455,,1067.0,4268.0
MOOR HOUSE SCHOOL,none,,0.444,,48595.34,194381.36
MOORLANDS REST HOME,none,,0.45,,39837.18,159348.72
MORTIMER PRE SCHOOL,none,,0.512,,30459.72,121838.88
MORTON PATTISON,none,,0.5,,1102.0,4408.0
MOTOFIX ACCIDENT REPAIR CENTRE,none,,0.475,,1000.0,4000.0
MOVING FORWARD REMOVALS,none,,0.424,,682.8,2731.2
MR AK MARSHALL MRS AGJM MARSHALL,none,,0.351,,4729.12,18916.48
MR ALEX CRICHTON MILLER,none,,0.421,,789.35,3157.4
MR CHIBUNDU IBE,none,,0.417,,3156.42,12625.68
MR I GRAHAM,none,,0.417,,1800.0,7200.0
MR LEONARD A CLARK AND MRS MARGARET J CLARK,none,,0.377,,1053.97,4215.88
MR M J MILLAR,none,,0.4,,589.79,2359.16
MR MATTHEW WYARD,none,,0.432,,1750.0,7000.0
MR RIAZ SHEIKH,none,,0.462,,9997.5,39990.0
MRI COMMUNITY SOFTWARE,none,,0.629,,16273.49,65093.96
MRS C A WISE,none,,0.48,,13415.34,53661.36
MRS D C HUTCHINS,none,,0.483,,7241.55,28966.2
MRS DENISE KAY,none,,0.516,,12455.94,49823.76
MRS E CLARKE,none,,0.5,,5586.57,22346.28
MRS FIONA JONES,none,,0.5,,545.4,2181.6
MRS GEORGINA D FISHER,none,,0.391,,9611.21,38444.84
MRS J CAMPION,none,,0.462,,5959.21,23836.84
MRS JUDY TIDBURY,none,,0.378,,6286.9,25147.6
MRS K POFFLEY,none,,0.4,,5994.55,23978.2
MRS L PEPPER,none,,0.385,,6403.92,25615.68
MRS M ALSBURY,none,,0.4,,41251.81,165007.24
MRS M F RICHARDSON,none,,0.605,,15365.0,61460.0
MRS P JUGGURNAUTH BOLTONS CARE HOME,none,,0.41,,5302.13,21208.52
MRS R CAIN,none,,0.56,,6945.05,27780.2
MRS RUTH DELL,none,,0.4,,14283.18,57132.72
MS NATASHA BUCKLEY,none,,0.457,,6593.8,26375.2
MT PROPERTY CONSULTANTS,none,,0.556,,14820.0,59280.0
MULBERRY CARE,none,,0.583,,46294.48,185177.92
MY SUPPORT AND CARE SERVICES,none,,0.604,,9788.52,39154.08
MYRTLE TREE HOLDINGS,none,,0.485,,133517.82,534071.28
N MEHMOOD,none,,0.5,,12489.0,49956.0
N POWER,none,,0.435,,2201.8,8807.2
NADAM CARE,none,,0.615,,34345.82,137383.28
NADEEM MIRZA,none,,0.435,,9927.5,39710.0
NAGELS,none,,0.5,,6385.0,25540.0
NANT,none,,0.429,,548.49,2193.96
NATALIE MARSH,none,,0.583,,2798.45,11193.8
NATIONAL EDUCATION GROUP TA NATIONAL COLLEGE,none,,0.368,,820.0,3280.0
NATIONAL FOSTERING AGENCY,none,,0.4,,21786.38,87145.52
NATIONAL RAIL,none,,0.462,,4498.95,17995.8
NATIONAL STAR COLLEGE,none,,0.471,,22278.61,89114.44
NATIONAL YOUTH ADVOCACY SERVICE,none,,0.5,,24781.26,99125.04
NATWEST,none,,0.471,,3092.27,12369.08
NAVARA LODGE,none,,0.444,,44638.1,178552.4
NCER,none,,0.5,,8127.22,32508.88
NEC SOFTWARE SOLUTIONS,exact,NEC SOFTWARE SOLUTIONS,1.0,exact,314383.57,1257534.28
NETWORK MERCHANTS,none,,0.593,,1054.12,4216.48
NEWBURY ACADEMY TRUST SPEENHAMLAND SCHOOL,none,,0.459,,4007.0,16028.0
NEWBURY AND DISTRICT,exact,NEWBURY AND DISTRICT,1.0,exact,388779.88,1555119.52
NEWBURY BAPTIST CHURCH,none,,0.619,,1247.5,4990.0
NEWBURY COMMUNITY RESOURCE CENTRE,none,,0.491,,89247.65,356990.6
NEWBURY NEWS,none,,0.625,,4794.19,19176.76
NEWBURY SELF STORE,none,,0.632,,756.0,3024.0
NEWSQUEST MEDIA GROUP,none,,0.5,,661.36,2645.44
NEXT STEP SERVICES,none,,0.651,,151581.82,606327.28
NEXUS FOSTERING,none,,0.588,,47755.84,191023.36
NICK BRADSHAW,none,,0.421,,1420.0,5680.0
NICOLA MCEVOY,none,,0.452,,4359.96,17439.84
NISAI VIRTUAL ACADEMY,none,,0.4,,700.0,2800.0
NJM HUMPHRIES,exact,NJM HUMPHRIES,1.0,exact,10295.0,41180.0
NOAH S ARK ENVIRONMENTAL SERVICES,none,,0.6,,1530.0,6120.0
NORTH STAR CHILDREN S HOMES,none,,0.468,,58257.61,233030.44
NORTHCOURT LODGE RESIDENTIAL CARE HOME,none,,0.447,,42221.51,168886.04
NOUBLES HEALTHCARE,none,,0.444,,156580.61,626322.44
NOURISH CARE,none,,0.571,,3987.61,15950.44
OAKLANDS SEN SCHOOL BERKSHIRE,none,,0.473,,1026661.89,4106647.56
OCEAN COMMUNITY SERVICES LUDLOW STREET HEALTHCARE,none,,0.458,,15458.66,61834.64
ODYSSEY,none,,0.444,,5170.0,20680.0
OFSTED,none,,0.462,,2715.0,10860.0
OLAYINKA BUKOLA,none,,0.438,,31360.37,125441.48
OLD FIRE STATION NURSERY,none,,0.478,,49606.92,198427.68
OLIVIA HOPKINS,none,,0.417,,7390.02,29560.08
ON POINT BUILDING CONTRACTORS,none,,0.591,,5436.54,21746.16
ON365,none,,0.353,,4332.0,17328.0
ONE SOURCE IT,none,,0.483,,19695.0,78780.0
OPTALIS,none,,0.556,,130591.76,522367.04
OPTIMAL LIVING,none,,0.412,,24837.14,99348.56
OPTIMUM EXTERNAL CLEANING SERVICES,none,,0.543,,1170.0,4680.0
ORCHARDS,none,,0.556,,12502.8,50011.2
ORDERS OF ST JOHN CARE TRUST MEADOWS,none,,0.393,,14664.9,58659.6
ORMSBY LODGE,none,,0.424,,41871.22,167484.88
ORPHEUS CENTRE,none,,0.48,,48642.79,194571.16
OTIS,none,,0.429,,5764.57,23058.28
OXFORD ARCHITECTS,none,,0.485,,41655.0,166620.0
OXFORD DIRECT SERVICES,none,,0.652,,9356.0,37424.0
P APPLEYARD,none,,0.545,,9388.2,37552.8
P S AYLMER VETERINARY CONSULTANCY,none,,0.408,,990.5,3962.0
PA AND AL MARTIN,none,,0.5,,1320.0,5280.0
PANGBOURNE AND DISTRICT VOLUNTEER CENTRE,none,,0.567,,2647.79,10591.16
PANGBOURNE COLLEGE,none,,0.474,,1500.0,6000.0
PANGBOURNE DAY NURSERY,none,,0.435,,63942.61,255770.44
PANGBOURNE VALLEY PLAYGROUP,none,,0.474,,37074.1,148296.4
PARADIGM CARE SERVICES,none,,0.609,,77714.28,310857.12
PARADISE HOUSE,none,,0.485,,28166.97,112667.88
PARKCARE HOMES,none,,0.48,,26231.5,104926.0
PARKVIEW CARE,none,,0.64,,164912.12,659648.48
PASKAY,none,,0.421,,140375.08,561500.32
PASSIONATE SUPPORT SERVICES,none,,0.654,,20488.52,81954.08
PATROL,none,,0.526,,515.25,2061.0
PATROLSTORE,none,,0.519,,1397.47,5589.88
PAUL TWYNING,none,,0.4,,590.52,2362.08
PAVILLION PUBLISHING AND MEDIA,none,,0.417,,18169.2,72676.8
PAYPOINT MOBILE AND ONLINE,none,,0.409,,58398.66,233594.64
PBS4,none,,0.267,,19629.35,78517.4
PBT SOCIAL CARE,none,,0.5,,109511.86,438047.44
PEARLCARE HEATHERSIDE REST HOME,none,,0.456,,11585.19,46340.76
PEEP LEARNING,none,,0.692,,7600.0,30400.0
PENNYHOOKS FARM TRUST,none,,0.541,,1428.48,5713.92
PEOPLE CENTRED SUPPORT,none,,0.526,,13923.34,55693.36
PEOPLE MATTER SUPPORT SERVICES,none,,0.727,,11904.9,47619.6
PERCEPTIVE ON LINE,none,,0.474,,25401.97,101607.88
PHF TRAINING,none,,0.5,,995.0,3980.0
PHILIP KOLVIN KC,none,,0.412,,705.0,2820.0
PHOENIX CHILD CARE GRANGE SCHOOL,none,,0.458,,567708.85,2270835.4
PHOENIX COMMUNITY CARE,none,,0.526,,12505.56,50022.24
PHS GROUP,none,,0.4,,17047.71,68190.84
PICKLES PLAYHOUSE,none,,0.5,,15211.03,60844.12
PIED PIPER PRE SCHOOL,none,,0.444,,26108.44,104433.76
PINES RESIDENTIAL CARE HOME,none,,0.462,,8865.9,35463.6
PINNACLE CARE,none,,0.583,,14271.5,57086.0
PINNACLE HOUSING CA STERLING GARDEN RENT,none,,0.438,,7774.04,31096.16
PITCHBOOKING,none,,0.636,,17945.64,71782.56
PIXEL FINANCIAL MANAGEMENT,none,,0.419,,6080.0,24320.0
PLATFORM CARE SERVICES,none,,0.652,,129431.36,517725.44
PLAYMATES PRE SCHOOL,none,,0.455,,61849.11,247396.44
PORTHAVEN CARE HOMES,none,,0.556,,16294.39,65177.56
PORTHAVEN CARE HOMES NO3 FALKLAND GRANGE,none,,0.414,,71308.7,285234.8
POS ENTERPRISES,none,,0.513,,1500.0,6000.0
POSITIVE FOOTSTEPS,none,,0.429,,173220.0,692880.0
POTENSIAL,none,,0.462,,111914.99,447659.96
POTTINGER S HIRE SERVICE,near_ratio,POTTINGERS HIRE SERVICES,0.958,SequenceMatcher ratio >= 0.85,9352.5,37410.0
POWERGUARDS RAMPING SYSTEMS,none,,0.488,,2120.0,8480.0
PPL PRS,none,,0.476,,1166.06,4664.24
PRECIOUS HOMES,none,,0.429,,52614.77,210459.08
PRECISION RESOURCE GROUP,none,,0.417,,4580.0,18320.0
PREMIER CARS,exact,PREMIER CARS,1.0,exact,23097.5,92390.0
PREMIER INN BUSINESS ACCOUNT,none,,0.5,,4095.04,16380.16
PREPAID FINANCIAL SERVICES,none,,0.588,,8010.0,32040.0
PRESTIGE NETWORK,none,,0.519,,11179.73,44718.92
PRIMANAGE,none,,0.48,,2559.36,10237.44
PRIOR S COURT FOUNDATION,none,,0.429,,17974.0,71896.0
PRIORITY SERVICES4U,none,,0.636,,55013.16,220052.64
PRIVILEGE SUPPORTED CARE,none,,0.5,,17809.61,71238.44
PRO AIR GB,none,,0.571,,39490.0,157960.0
PROBRAND,none,,0.421,,3007.53,12030.12
PRUDENTIAL,none,,0.522,,78337.91,313351.64
PSS,none,,0.353,,11790.33,47161.32
PTRC EDUCATION AND RESEARCH SERVICES,none,,0.567,,649.0,2596.0
PURESOUL CARE,none,,0.583,,203589.24,814356.96
PURLEY PARK TRUST,none,,0.545,,471283.82,1885135.28
PURLEY PRE SCHOOL PLAYGROUP,none,,0.5,,45318.14,181272.56
PURPLE OAK SUPPORT,none,,0.529,,2614.72,10458.88
QUACKERS DAY NURSERY,none,,0.424,,149005.08,596020.32
QUADIENT,none,,0.444,,15908.54,63634.16
QUALITAS CARE,none,,0.562,,9876.28,39505.12
QUALITY CARE,none,,0.609,,9881.23,39524.92
QUEEN MARY S COLLEGE,none,,0.5,,13034.01,52136.04
R AND A HAINES BUILDING CONTRACTORS,none,,0.52,,90357.78,361431.12
R AND G SMITH,none,,0.545,,6565.0,26260.0
RACKLINE,none,,0.5,,25510.0,102040.0
RADIANT CARE HOMES,none,,0.581,,135372.14,541488.56
RAIL SETTLEMENT,none,,0.414,,6607.0,26428.0
RAINBOW NURSERY,none,,0.45,,38804.6,155218.4
RAMORA GLOBAL,none,,0.414,,504.84,2019.36
RBPG,none,,0.286,,20583.37,82333.48
REACTED,none,,0.476,,550.0,2200.0
READIBUS,none,,0.476,,2286.22,9144.88
READING EXTINGUISHER SERVICES,none,,0.566,,1646.76,6587.04
READING REFUGEE SUPPORT GROUP,none,,0.44,,6279.6,25118.4
READING TRANSPORT,none,,0.667,,14965.55,59862.2
READING WEST APARTHOTEL,none,,0.471,,74308.0,297232.0
REAL GROUP,none,,0.581,,2195.0,8780.0
REBECCA LAGDEN,none,,0.421,,3508.58,14034.32
RECOVERY IN MIND 2016,none,,0.421,,6552.0,26208.0
RED BALLOON READING,none,,0.558,,18763.0,75052.0
REDDY CARE,none,,0.609,,16941.59,67766.36
REGENT HOUSING,none,,0.606,,5192.2,20768.8
REGIS MANOR PRIMARY SCHOOL C O SWALE ACADEMIES TRUST,none,,0.395,,1000.0,4000.0
REHABILITY COMMUNITY,none,,0.408,,8826.2,35304.8
RELYON CLEANING SERVICES,none,,0.6,,3040.0,12160.0
REMEDICARE EDUCATION SERVICES,none,,0.593,,66660.0,266640.0
RENAULT RETAIL GROUP,none,,0.516,,19737.95,78951.8
RENOVOTEC,none,,0.4,,6090.5,24362.0
RESICARE ALLIANCE,none,,0.462,,121571.44,486285.76
RESPONSE ORGANISATION,none,,0.485,,117254.17,469016.68
RESTORE,none,,0.545,,1685.22,6740.88
RGC CONSTRUCTION,none,,0.824,,7655.8,30623.2
RH ENVIRONMENTAL,none,,0.848,,12322.0,49288.0
RICHARD HEDGE,none,,0.444,,748.8,2995.2
RICHMOND FELLOWSHIP,none,,0.391,,38835.6,155342.4
RICOH,exact,RICOH,1.0,exact,9473.16,37892.64
RIDGE AND PARTNERS,none,,0.512,,3200.0,12800.0
RIDGEWAY RISE CARE HOME,none,,0.5,,11669.96,46679.84
RM EDUCATION,none,,0.5,,2250.0,9000.0
RNIB ENTERPRISES,none,,0.483,,1137.0,4548.0
ROADSIDE TECHNOLOGIES,none,,0.762,,84070.16,336280.64
ROAR B2B,none,,0.421,,580.0,2320.0
ROBIN HOOD MAT YENTON PRIMARY,none,,0.419,,1000.0,4000.0
ROBSEAL ROOFING SOLUTIONS,none,,0.553,,20000.0,80000.0
ROBSON PROPERTY MANAGEMENT SERVICE CHARGE,none,,0.431,,4136.4,16545.6
ROCHESTER MIDLAND CORPORATION,none,,0.492,,1120.0,4480.0
ROCKING HORSE DAY NURSERY NEWBURY RACECOURSE,none,,0.441,,320463.5,1281854.0
ROFEMARON HEALTHCARE,none,,0.5,,56078.44,224313.76
ROSE ROAD ASSOCIATION,none,,0.5,,18316.64,73266.56
ROSPA PLAYSAFETY,none,,0.414,,1584.0,6336.0
ROUND MIDNIGHT,none,,0.412,,4750.0,19000.0
ROYAL BOROUGH OF WINDSOR AND MAIDENHEAD,none,,0.465,,96245.28,384981.12
ROYAL MAIL GROUP,none,,0.486,,49939.73,199758.92
ROYAL MASONIC BENEVOLENT INSTITUTION,none,,0.419,,15040.92,60163.68
ROYAL NATIONAL COLLEGE FOR BLIND,none,,0.453,,28753.67,115014.68
RUSKIN MILL TRUST,none,,0.429,,795197.64,3180790.56
RYGOR COMMERCIALS,none,,0.467,,6545.14,26180.56
S RICHARDS T AS K RICKETTS AND S RICHARDS TAXIS,near_contain,K RICKETTS AND S RICHARDS,0.795,"distinctive token subset, >= 2 tokens",17144.0,68576.0
SAFE PARTNERSHIP,none,,0.476,,565.8,2263.2
SAFESPACES,none,,0.417,,9205.81,36823.24
SAM2SAM DEAF CARE SERVICE,none,,0.49,,31299.22,125196.88
SAMANTHA CARTER,none,,0.688,,10878.22,43512.88
SARAH NORRIS,none,,0.486,,4553.01,18212.04
SARAH SCOTT,none,,0.5,,3212.42,12849.68
SARAH WESTON,none,,0.552,,5816.05,23264.2
SASS AND BELLE,none,,0.562,,592.92,2371.68
SCANDOR LANDSCAPE CONTRACTORS,none,,0.682,,14082.88,56331.52
SCBS,none,,0.364,,18319.27,73277.08
SCHINDLER,none,,0.522,,2718.58,10874.32
SCHOOL OF SEXUALITY EDUCATION,exact,SCHOOL OF SEXUALITY EDUCATION,1.0,exact,1250.0,5000.0
SCOTTISH AND SOUTHERN,none,,0.522,,110760.98,443043.92
SDK ENVIRONMENTAL,near_ratio,SMS ENVIRONMENTAL,0.882,SequenceMatcher ratio >= 0.85,3095.0,12380.0
SEABROOK SERVICES,none,,0.583,,6258.24,25032.96
SEISMIC SEWAGE SYSTEMS,none,,0.556,,12260.0,49040.0
SELF DEFENCE TRAINING SYSTEMS,none,,0.485,,3600.0,14400.0
SERENITY WELFARE,none,,0.432,,1541.67,6166.68
SERVNET,none,,0.5,,26799.72,107198.88
SHARE FOUNDATION THIRD PARTY FUNDRAISING TURST STATUS ACCOUNT,none,,0.365,,20417.29,81669.16
SHARON SHEPPARD,none,,0.389,,8998.31,35993.24
SHAW HEALTHCARE HOMEFIELD HOUSE NURSING HOME,none,,0.413,,16393.71,65574.84
SHILPI CHANDNA,none,,0.444,,14464.89,57859.56
SHINFIELD BUILDERS,none,,0.412,,20347.4,81389.6
SIKANDAR HAYAT,none,,0.452,,187250.5,749002.0
SILVER BIRCH CARE HOLDINGS,none,,0.478,,127014.56,508058.24
SILVERGATE,none,,0.417,,5735.0,22940.0
SIMONE SURVEYS,none,,0.526,,5784.39,23137.56
SIMS POLISHING,none,,0.4,,2885.0,11540.0
SIRONA INTERNATIONAL,none,,0.529,,26183.06,104732.24
SLATTER CRICKET AND PLAY,none,,0.531,,1100.0,4400.0
SLOUGH BOROUGH COUNCIL,none,,0.429,,296177.15,1184708.6
SLOUGH CHILDREN FIRST,none,,0.457,,25469.56,101878.24
SM VOICE ADVOCACY,none,,0.526,,347137.12,1388548.48
SMELLY WELLIES,none,,0.514,,700.0,2800.0
SMS ENVIRONMENTAL,exact,SMS ENVIRONMENTAL,1.0,exact,7758.91,31035.64
SOFTCAT,exact,SOFTCAT,1.0,exact,11005.0,44020.0
SOFTWAREONE,none,,0.667,,522978.62,2091914.48
SOLENT SPORTS AND EDUCATION,none,,0.571,,4870.44,19481.76
SOLO SUPPORT SERVICES,none,,0.609,,18028.2,72112.8
SOLUTIONS4HEALTH,none,,0.474,,45277.62,181110.48
SOUTH AFRICA LODGE,none,,0.579,,14146.92,56587.68
SOUTH EAST EMPLOYERS,none,,0.4,,9600.0,38400.0
SOUTH EAST WATER,none,,0.435,,2266.19,9064.76
SOUTHAMPTON CITY COUNCIL,none,,0.471,,3230.63,12922.52
SOUTHERN COACH LINES,exact,SOUTHERN COACH LINES,1.0,exact,55531.89,222127.56
SOUTHERN COMMUNICATIONS CORPORATE SOLUTIONS,exact,SOUTHERN COMMUNICATIONS CORPORATE SOLUTIONS,1.0,exact,11492.23,45968.92
SOUTHERN MEDICAL,none,,0.556,,2700.75,10803.0
SOUTHERN PRINT FINISHING SERVICES,none,,0.551,,1645.0,6580.0
SOVEREIGN HOUSING GROUP,none,,0.52,,33283.63,133134.52
SPARE CRIB GLOBAL,none,,0.467,,13915.0,55660.0
SPIRE RIDGE BOARDING KENNELS AND CATTERY,none,,0.433,,1674.0,6696.0
SPORTS AND LEISURE MANAGEMENT,none,,0.481,,39139.47,156557.88
SPRING VALLEY CHILDREN S CARE HOMES,none,,0.478,,293202.85,1172811.4
SPRINGBURN CHILDCARE,none,,0.5,,131272.82,525091.28
SSE ENERGY SOLUTIONS,none,,0.619,,8646.32,34585.28
SSE POWER DISTRIBUTION,none,,0.55,,6441.47,25765.88
SSL CAVERSHAM OPCO LP,none,,0.458,,5734.0,22936.0
ST ANDREWS SCHOOL PANGBOURNE,none,,0.476,,14530.07,58120.28
ST BARTHOLOMEWS SCHOOL ACADEMY,none,,0.419,,2000.0,8000.0
ST GABRIELS SCHOOL,none,,0.424,,127948.37,511793.48
ST HELEN AND ST KATHARINE,none,,0.489,,4144.66,16578.64
ST JOHN S PRE SCHOOL,none,,0.444,,23093.97,92375.88
ST MARY S RESIDENTIAL HOME,none,,0.465,,19784.57,79138.28
ST PETERS BRADFIELD PRE SCHOO,none,,0.453,,12471.08,49884.32
ST PHILIPS CARE CALEDONIA,none,,0.5,,11181.47,44725.88
STAGECOACH SERVICES,none,,0.615,,28839.65,115358.6
STANDBY VOLUNTEER GROUP,none,,0.5,,1625.43,6501.72
STEADFAST AUTOMATION,none,,0.435,,1799.04,7196.16
STEP BY STEP PARTNERSHIP,none,,0.4,,72365.16,289460.64
STEPHANIE LANGLEY,none,,0.444,,750.0,3000.0
STEPHANIE SPEAKE,none,,0.432,,8512.02,34048.08
STEPPING STONES,none,,0.485,,78600.52,314402.08
STREATLEY HILL PRE SCHOOL,none,,0.444,,20141.73,80566.92
STRIPEWEB,none,,0.462,,24666.91,98667.64
STROKE CARE FOR NEWBURY AND WEST BERKSHIRE,none,,0.516,,8332.5,33330.0
STROUD COURT COMMUNITY TRUST,none,,0.479,,78020.89,312083.56
STYLE COUNSELLOR,none,,0.452,,2917.3,11669.2
STYLE DOOR SYSTEMS,none,,0.625,,535.0,2140.0
SUKHBIR SINGH AND HARVINDER SINGH,none,,0.433,,639381.6,2557526.4
SUMMERS INMAN,none,,0.424,,2840.0,11360.0
SUMMIT CONTRACTORS BUILD,none,,0.615,,77557.2,310228.8
SUNBEAM FOSTERING AGENCY,none,,0.473,,19211.28,76845.12
SUNLIGHT HOMECARE SERVICES,none,,0.56,,78087.82,312351.28
SUPERCARE RESIDENTIAL,none,,0.444,,217857.14,871428.56
SUSAN TANNER,none,,0.485,,2925.0,11700.0
SUZANNA MARIA COLLETT,none,,0.421,,5484.1,21936.4
SWAAY CHILD AND ADOLESCENT SERVICESS,none,,0.59,,540.0,2160.0
SWAN ADVOCACY,near_contain,SWAN ADVOCACY NETWORK,0.765,"distinctive token subset, >= 2 tokens",51216.0,204864.0
SWARCO SMART CHARGING,exact,SWARCO SMART CHARGING,1.0,exact,42032.88,168131.52
SWEGON,none,,0.357,,1218.0,4872.0
SWINDON ADVOCACY MOVEMENT,none,,0.609,,1138.8,4555.2
SWITCHSHOP,none,,0.4,,6079.8,24319.2
SYNCARE,none,,0.444,,8002.55,32010.2
TACTICAL FACILITIES MANAGEMENT,none,,0.383,,681.94,2727.76
TADLEY COURT SCHOOL PRIORY,none,,0.45,,37802.07,151208.28
TAS CARE,none,,0.667,,11044.9,44179.6
TEEN PROJECT,none,,0.522,,7999.0,31996.0
TEMPLE LIFTS,none,,0.5,,9030.28,36121.12
TENNENT HOMES 2019,none,,0.429,,21900.0,87600.0
TEONFA,none,,0.375,,88726.89,354907.56
TERESA MCDOUGALL,none,,0.429,,896.94,3587.76
TERRAIN GEOMATICS,none,,0.458,,3950.0,15800.0
THAMES VALLEY SIGNS,none,,0.533,,4855.94,19423.76
THAMES VALLEY SURVEYING,none,,0.471,,5550.0,22200.0
THATCHAM PRE SCHOOL,none,,0.471,,30209.66,120838.64
THATCHAM VOLUNTEER BUREAU,none,,0.4,,3417.83,13671.32
THEALE GREEN SCHOOL ACTIVATE LEARNING EDUCATION TRUST,none,,0.463,,9144.0,36576.0
THERMOPEST BED BUG TREATMENT LONDON,none,,0.407,,1560.0,6240.0
THINKEMPATHY,none,,0.462,,230324.68,921298.72
THOMSON REUTERS SWEET AND MAXWELL,none,,0.4,,29894.31,119577.24
THRIVE,none,,0.533,,1088.32,4353.28
TIGERS AT THEALE DAY NURSERY,none,,0.5,,240745.51,962982.04
TIGERS DAY NURSERY,none,,0.524,,244339.25,977357.0
TK TRAVEL,exact,TK TRAVEL,1.0,exact,44200.8,176803.2
TOAD HALL NURSERY GROUP,none,,0.44,,567.67,2270.68
TOOMEY CLIENT ACCOUNT,none,,0.471,,1490.0,5960.0
TOP CLASS QUALITY SERVICES,none,,0.52,,110806.8,443227.2
TOPLINE CARE SOLUTIONS,none,,0.727,,108455.31,433821.24
TOTALENERGIES GAS AND POWER,none,,0.444,,1695.14,6780.56
TOTHAM LODGE HOME FOR ELDERLY,none,,0.417,,11585.19,46340.76
TOWER LEASING,none,,0.615,,654.0,2616.0
TRADING STANDARDS SOUTH EAST,none,,0.407,,27509.57,110038.28
TRAFFIC MANAGEMENT AND SAFETY,none,,0.444,,1185.0,4740.0
TRAFFIC MANAGEMENT CONSULTANTS,none,,0.458,,3725.0,14900.0
TRANSPARENT CARE,none,,0.537,,300764.85,1203059.4
TRELOAR TRUST,none,,0.552,,75823.97,303295.88
TRINITY SCHOOL NEWBURY ACADEMY TRUST,none,,0.5,,2999.0,11996.0
TRIPLE P,none,,0.429,,36205.0,144820.0
TRIPLE VALUE IMPACT,none,,0.4,,68028.0,272112.0
TRISTAN BRUCE CARTER,none,,0.49,,1954.0,7816.0
TUSKERDIRECT,none,,0.538,,7320.32,29281.28
TWO SAINTS,exact,TWO SAINTS,1.0,exact,213288.45,853153.8
TY COCH VILLA,none,,0.5,,27322.15,109288.6
U KIDS CHILDCARE,none,,0.414,,20492.63,81970.52
UBITRICITY DISTRIBUTED ENERGY SYSTEMS,exact,UBITRICITY DISTRIBUTED ENERGY SYSTEMS,1.0,exact,18675.0,74700.0
UNICORN SCHOOL,none,,0.444,,116380.77,465523.08
UNIQ HEALTHCARE,none,,0.429,,5826.6,23306.4
UNIQUE IQ,none,,0.4,,2410.0,9640.0
UNITED DOMCILIARY AND SUPPORT SERVICES,none,,0.667,,210194.24,840776.96
UNITY RESIDENTIAL CARE SERVICES,none,,0.552,,77192.45,308769.8
UNIVERSITY OF BEDFORDSHIRE,none,,0.583,,2677.5,10710.0
UNIVERSITY OF SOUTHAMPTON,none,,0.5,,26204.0,104816.0
UTOPIA SUPPORTED HOUSING,none,,0.465,,140196.02,560784.08
VALLEY CARS,exact,VALLEY CARS,1.0,exact,19141.0,76564.0
VALORUM CARE GROUP,none,,0.483,,25181.62,100726.48
VALUED CARE SUPPORTED LIVING,none,,0.465,,145597.89,582391.56
VALUING CARE FINANCIAL MANAGEMENT,none,,0.375,,14166.66,56666.64
VELOX HEALTHCARE,none,,0.483,,34308.0,137232.0
VEOLIA ES WEST BERKSHIRE,none,,0.565,,6186065.04,24744260.16
VERA LIZUNOVA,none,,0.424,,4960.0,19840.0
VERNA EARTH SOLUTIONS,none,,0.681,,20000.0,80000.0
VICTORIA LOUISE OSLER,none,,0.45,,3000.0,12000.0
VIKKI WILLIAMS,none,,0.4,,11700.6,46802.4
VOCALA,none,,0.5,,55823.3,223293.2
VODAFONE CORPORATE,none,,0.471,,5808.34,23233.36
VOLKERHIGHWAYS,none,,0.4,,7377922.21,29511688.84
VOLKSWAGEN FINANCIAL SERVICES,none,,0.556,,837.11,3348.44
VOLUNTEER CENTRE WEST BERKSHIRE,none,,0.596,,17171.61,68686.44
VOYAGE CARE,none,,0.556,,554678.88,2218715.52
WARM HEARTS SERVICES,none,,0.667,,4123.47,16493.88
WARMINGHAM ESTATE AGENTS,none,,0.444,,5676.92,22707.68
WASHCO,none,,0.444,,6653.0,26612.0
WATERSTONE S,none,,0.462,,1647.0,6588.0
WATT AND SORENSEN,none,,0.514,,1507.0,6028.0
WAYS INTO WORK,exact,WAYS INTO WORK,1.0,exact,28250.0,113000.0
WCL,exact,WCL,1.0,exact,102882.78,411531.12
WDM,none,,0.333,,830.0,3320.0
WE ARE CARE COMPANY,none,,0.514,,589012.31,2356049.24
WEAVAWAY TRAVEL,exact,WEAVAWAY TRAVEL,1.0,exact,169351.6,677406.4
WELFORD HEALTHCARE MC,none,,0.41,,16753.5,67014.0
WELLY BOOT LODGE DAY NURSERY,none,,0.407,,35726.13,142904.52
WEMYSS LODGE,none,,0.385,,62445.63,249782.52
WENDY ELLIOTT,none,,0.476,,9029.2,36116.8
WENDY KIM ELLIOTT,none,,0.429,,7983.36,31933.44
WESSEX LIFT COMPANY,none,,0.458,,15892.0,63568.0
WEST BERKSHIRE MENCAP,none,,0.512,,505286.21,2021144.84
WEST BERKSHIRE SPOKES,none,,0.533,,752.5,3010.0
WEST BERKSHIRE TRAINING CONSORTIUM,none,,0.448,,22963.98,91855.92
WESTCOTEC,none,,0.5,,3712.5,14850.0
WESTGATE HEALTHCARE ST PAULS CARE CENTRE,none,,0.393,,11739.12,46956.48
WESTLANDS CARE HOME,none,,0.474,,11176.08,44704.32
WESTMINSTER HOMECARE,none,,0.562,,52312.8,209251.2
WESTWOOD FARM COMM PRE SCHOOL,none,,0.431,,31010.19,124040.76
WHITCHURCH PRIMARY SCHOOL,none,,0.435,,656.0,2624.0
WHITELANDS PARK PRIMARY SCHOOL,none,,0.441,,696.0,2784.0
WILKIN CHAPMAN,none,,0.562,,1217.5,4870.0
WINCHMORE TUTORS,none,,0.5,,1040.0,4160.0
WINCKWORTH SHERWOOD,none,,0.409,,2822.0,11288.0
WINDSOR CLINICAL AND HOME CARE SERVICES GROUP,none,,0.486,,13787.45,55149.8
WINDSOR FOREST COLLEGES GROUP,none,,0.4,,14717.92,58871.68
WINGS AND WELLIES PRE SCHOOL,none,,0.453,,25492.93,101971.72
WITHERSLACK GROUP OF SCHOOLS CHILWORTH HOUSE SCHOOL,none,,0.362,,97431.43,389725.72
WOKINGHAM BOROUGH COUNCIL,none,,0.4,,119521.24,478084.96
WOMBLE BOND DICKINSON,none,,0.439,,1155.0,4620.0
WOODLANDS DAY NURSERY,none,,0.45,,221334.09,885336.36
WORLDPAY,none,,0.364,,4788.7,19154.8
WPS,none,,0.333,,1350.0,5400.0
WSP,none,,0.333,,73901.03,295604.12
WYNNE WILLIAMS ASSOCIATES,none,,0.4,,7511.0,30044.0
WYVERN LANDSCAPES,none,,0.486,,5820.0,23280.0
YOUNG GIANTS,none,,0.545,,7633.0,30532.0
YOUNG PEOPLE AND CHILDREN FIRST,none,,0.431,,51510.86,206043.44
YOUNG PEOPLE AT HEART,none,,0.457,,15126.43,60505.72
YOUR SERENITY,none,,0.476,,73258.73,293034.92
YSATIS AKINS,none,,0.455,,4028.21,16112.84
YUME PROJECT,none,,0.4,,59876.94,239507.76
YUNEX,none,,0.364,,1700.69,6802.76
ZAFARI,none,,0.462,,1260.0,5040.0
ZAHRA UMAR,none,,0.471,,15242.04,60968.16
ZENA BENNETTS,none,,0.467,,9294.61,37178.44
ZENCARE CHILDRENS SERVICES,none,,0.667,,104928.0,419712.0
ZOE ABBOTT,none,,0.417,,14192.88,56771.52
ZOE BOUMAN,none,,0.4,,5152.95,20611.8
ZOHO CORPORATION B V,none,,0.476,,1931.0,7724.0
ZOOLAB,none,,0.625,,517.98,2071.92
ZOOM VIDEO COMMUNICATIONS,none,,0.5,,5592.6,22370.4
ZURICH,none,,0.727,,15000.0,60000.0
