threshold,row_id,source_file,sheet_row,pay_date,supplier_norm,tag,Service,Expenditure category,Narrative,Date,Net amount,Supplier name
1000.0,Over500_2026_P02_-_published.xlsx:34,Over500_2026_P02_-_published.xlsx,34,2026-05-08,BERKSHIRE MECHANICAL SERVICES,general_procurement,Development & Housing,Premises,Corporate R&M,2026-05-08 12:49:38.880,1000.0,BERKSHIRE MECHANICAL SERVICES
1000.0,Over500_2026_P02_-_published.xlsx:44,Over500_2026_P02_-_published.xlsx,44,2026-05-12,360 SECURITY AND SUPPORT SERVICES,general_procurement,Development & Housing,Premises,Corporate R&M,2026-05-12 15:16:14.937,960.02,360 Security & Support Services Ltd
1000.0,Over500_2026_P02_-_published.xlsx:48,Over500_2026_P02_-_published.xlsx,48,2026-05-28,360 SECURITY AND SUPPORT SERVICES,general_procurement,Development & Housing,Premises,Corporate R&M,2026-05-28 16:52:03.717,980.89,360 Security & Support Services Ltd
1000.0,Over500_2026_P02_-_published.xlsx:57,Over500_2026_P02_-_published.xlsx,57,2026-05-07,TOTALENERGIES GAS AND POWER,general_procurement,Development & Housing,Premises,Energy costs,2026-05-07 13:39:26.117,941.91,TOTALENERGIES GAS & POWER LIMITED
1000.0,Over500_2026_P02_-_published.xlsx:222,Over500_2026_P02_-_published.xlsx,222,2026-05-20,SIKANDAR HAYAT,general_procurement,Children's Social Care,Transport,Transport Hire,2026-05-20 13:10:35.063,970.0,Sikandar Hayat t/a Prompt Cars
1000.0,Over500_2026_P02_-_published.xlsx:311,Over500_2026_P02_-_published.xlsx,311,2026-05-08,SIKANDAR HAYAT,general_procurement,Education & SEND,Transport,Transport Hire,2026-05-08 12:49:38.880,930.0,Sikandar Hayat t/a Prompt Cars
1000.0,Over500_2026_P02_-_published.xlsx:313,Over500_2026_P02_-_published.xlsx,313,2026-05-12,N MEHMOOD,general_procurement,Education & SEND,Transport,Transport Hire,2026-05-12 12:56:02.360,980.0,N Mehmood T/A A Star Executive Cars Ltd
1000.0,Over500_2026_P02_-_published.xlsx:341,Over500_2026_P02_-_published.xlsx,341,2026-05-01,GO GREEN TAXIS,general_procurement,Education & SEND,Transport,Transport Hire,2026-05-01 12:47:59.517,995.95,Go Green Taxis Ltd
1000.0,Over500_2026_P02_-_published.xlsx:399,Over500_2026_P02_-_published.xlsx,399,2026-05-20,MRS M F RICHARDSON,general_procurement,Education & SEND,Transport,Transport Hire,2026-05-20 16:57:38.260,905.0,MRS M F RICHARDSON T/A MFR Contracts
1000.0,Over500_2026_P02_-_published.xlsx:449,Over500_2026_P02_-_published.xlsx,449,2026-05-27,PREPAID FINANCIAL SERVICES,general_procurement,Development & Housing,Supplies & Services,Purchase - Equipment,2026-05-27 09:47:51.080,1000.0,PREPAID FINANCIAL SERVICES
1000.0,Over500_2026_P02_-_published.xlsx:455,Over500_2026_P02_-_published.xlsx,455,2026-05-20,CIRRUS RESEARCH,general_procurement,Community Services,Supplies & Services,Repairs - Equipment,2026-05-20 16:07:08.240,951.0,Cirrus Research PLC
1000.0,Over500_2026_P02_-_published.xlsx:470,Over500_2026_P02_-_published.xlsx,470,2026-05-21,INSIGHT DIRECT,general_procurement,"Transformation, Customer & ICT",Supplies & Services,IT,2026-05-21 09:36:59.660,958.46,INSIGHT DIRECT (UK) LTD
1000.0,Over500_2026_P02_-_published.xlsx:513,Over500_2026_P02_-_published.xlsx,513,2026-05-07,ACS BUSINESS SUPPLIES,general_procurement,Community Services,Supplies & Services,Print & Stationery,2026-05-07 17:25:18.653,914.93,ACS Business Supplies Ltd
1000.0,Over500_2026_P02_-_published.xlsx:532,Over500_2026_P02_-_published.xlsx,532,2026-05-06,P APPLEYARD,general_procurement,Community Services,Supplies & Services,Catering,2026-05-06 12:09:39.030,987.0,P. APPLEYARD (TOFFS CATERING)
1000.0,Over500_2026_P02_-_published.xlsx:538,Over500_2026_P02_-_published.xlsx,538,2026-05-13,BECKY TURNER,general_procurement,Adult Social Care,Supplies & Services,Professional Fees,2026-05-13 16:16:30.427,1000.0,Becky Turner
1000.0,Over500_2026_P02_-_published.xlsx:547,Over500_2026_P02_-_published.xlsx,547,2026-05-27,PRESTIGE NETWORK,general_procurement,Children's Social Care,Supplies & Services,Professional Fees,2026-05-27 16:41:42.580,912.0,PRESTIGE NETWORK
1000.0,Over500_2026_P02_-_published.xlsx:553,Over500_2026_P02_-_published.xlsx,553,2026-05-27,EARLY EDUCATION,general_procurement,Education & SEND,Supplies & Services,Professional Fees,2026-05-27 12:41:56.507,954.0,Early Education
1000.0,Over500_2026_P02_-_published.xlsx:582,Over500_2026_P02_-_published.xlsx,582,2026-05-11,REGIS MANOR PRIMARY SCHOOL C O SWALE ACADEMIES TRUST,grant,Education (DSG Funded) & Other Education Grants,Supplies & Services,Grants,2026-05-11 13:29:42.717,1000.0,REGIS MANOR PRIMARY SCHOOL C/O SWALE ACADEMIES TRUST
1000.0,Over500_2026_P02_-_published.xlsx:623,Over500_2026_P02_-_published.xlsx,623,2026-05-08,CHIEVELEY PRE SCHOOL PLAYGROU,grant,Education (DSG Funded) & Other Education Grants,Supplies & Services,Grants,2026-05-08 13:29:27.073,1000.0,CHIEVELEY PRE-SCHOOL PLAYGROU
1000.0,Over500_2026_P02_-_published.xlsx:662,Over500_2026_P02_-_published.xlsx,662,2026-05-06,H F,general_procurement,"Finance, Property & Procurement",Supplies & Services,Insurance Premiums,2026-05-06 09:48:29.067,1000.0,H F Limited
1000.0,Over500_2026_P02_-_published.xlsx:762,Over500_2026_P02_-_published.xlsx,762,2026-05-19,G7 BUSINESS SOLUTIONS,general_procurement,"Finance, Property & Procurement",Supplies & Services,Consultants,2026-05-19 13:27:26.590,910.0,G7 BUSINESS SOLUTIONS LIMITED
1000.0,Over500_2026_P02_-_published.xlsx:792,Over500_2026_P02_-_published.xlsx,792,2026-05-20,NEWBURY COMMUNITY RESOURCE CENTRE,care_or_education_placement,Adult Social Care,Third Party Payments,Voluntary Associations,2026-05-20 08:47:44.180,985.86,THE NEWBURY COMMUNITY RESOURCE CENTRE LTD
1000.0,Over500_2026_P02_-_published.xlsx:794,Over500_2026_P02_-_published.xlsx,794,2026-05-20,NEWBURY COMMUNITY RESOURCE CENTRE,care_or_education_placement,Adult Social Care,Third Party Payments,Voluntary Associations,2026-05-20 08:47:44.180,931.09,THE NEWBURY COMMUNITY RESOURCE CENTRE LTD
1000.0,Over500_2026_P02_-_published.xlsx:795,Over500_2026_P02_-_published.xlsx,795,2026-05-20,NEWBURY COMMUNITY RESOURCE CENTRE,care_or_education_placement,Adult Social Care,Third Party Payments,Voluntary Associations,2026-05-20 08:47:44.180,985.86,THE NEWBURY COMMUNITY RESOURCE CENTRE LTD
1000.0,Over500_2026_P02_-_published.xlsx:866,Over500_2026_P02_-_published.xlsx,866,2026-05-20,PURPLE OAK SUPPORT,care_or_education_placement,Children's Social Care,Third Party Payments,Voluntary Associations,2026-05-20 16:46:40.113,945.0,Purple Oak Support
1000.0,Over500_2026_P02_-_published.xlsx:871,Over500_2026_P02_-_published.xlsx,871,2026-05-13,BUPA CARE SERVICES,care_or_education_placement,Adult Social Care,Third Party Payments,Private Contractors,2026-05-13 10:12:08.150,903.95,BUPA Care Services
1000.0,Over500_2026_P02_-_published.xlsx:886,Over500_2026_P02_-_published.xlsx,886,2026-05-13,YOUR SERENITY,care_or_education_placement,Adult Social Care,Third Party Payments,Private Contractors,2026-05-13 10:12:08.150,954.05,Your Serenity Ltd
1000.0,Over500_2026_P02_-_published.xlsx:888,Over500_2026_P02_-_published.xlsx,888,2026-05-13,WE ARE CARE COMPANY,care_or_education_placement,Adult Social Care,Third Party Payments,Private Contractors,2026-05-13 10:12:08.150,907.16,We Are The Care Company Ltd
1000.0,Over500_2026_P02_-_published.xlsx:893,Over500_2026_P02_-_published.xlsx,893,2026-05-13,ABI SUPPORT,care_or_education_placement,Adult Social Care,Third Party Payments,Private Contractors,2026-05-13 10:12:08.150,999.57,Abi-support Ltd
1000.0,Over500_2026_P02_-_published.xlsx:895,Over500_2026_P02_-_published.xlsx,895,2026-05-20,ALL CARE,care_or_education_placement,Adult Social Care,Third Party Payments,Private Contractors,2026-05-20 08:47:44.180,996.48,All-Care (GB) Ltd
1000.0,Over500_2026_P02_-_published.xlsx:920,Over500_2026_P02_-_published.xlsx,920,2026-05-27,ALL CARE,care_or_education_placement,Adult Social Care,Third Party Payments,Private Contractors,2026-05-27 09:34:45.977,945.56,All-Care (GB) Ltd
1000.0,Over500_2026_P02_-_published.xlsx:922,Over500_2026_P02_-_published.xlsx,922,2026-05-13,COMFORT HARMONY CARE,care_or_education_placement,Adult Social Care,Third Party Payments,Private Contractors,2026-05-13 10:12:08.150,999.57,Comfort Harmony Care Ltd
1000.0,Over500_2026_P02_-_published.xlsx:927,Over500_2026_P02_-_published.xlsx,927,2026-05-20,PURESOUL CARE,care_or_education_placement,Adult Social Care,Third Party Payments,Private Contractors,2026-05-20 08:47:44.180,910.86,PureSoul Care Ltd
1000.0,Over500_2026_P02_-_published.xlsx:932,Over500_2026_P02_-_published.xlsx,932,2026-05-22,CARE OUTLOOK,care_or_education_placement,Adult Social Care,Third Party Payments,Private Contractors,2026-05-22 09:08:05.493,926.76,Care Outlook Ltd
1000.0,Over500_2026_P02_-_published.xlsx:1180,Over500_2026_P02_-_published.xlsx,1180,2026-05-13,YOUR SERENITY,care_or_education_placement,Adult Social Care,Third Party Payments,Private Contractors,2026-05-13 10:12:08.150,947.67,Your Serenity Ltd
1000.0,Over500_2026_P02_-_published.xlsx:1193,Over500_2026_P02_-_published.xlsx,1193,2026-05-13,TOPLINE CARE SOLUTIONS,care_or_education_placement,Adult Social Care,Third Party Payments,Private Contractors,2026-05-13 10:12:08.150,954.05,Topline Care Solutions Ltd
1000.0,Over500_2026_P02_-_published.xlsx:1233,Over500_2026_P02_-_published.xlsx,1233,2026-05-20,NOUBLES HEALTHCARE,care_or_education_placement,Adult Social Care,Third Party Payments,Private Contractors,2026-05-20 08:47:44.180,954.05,Noubles Healthcare Ltd
1000.0,Over500_2026_P02_-_published.xlsx:1244,Over500_2026_P02_-_published.xlsx,1244,2026-05-20,NOUBLES HEALTHCARE,care_or_education_placement,Adult Social Care,Third Party Payments,Private Contractors,2026-05-20 08:47:44.180,954.05,Noubles Healthcare Ltd
1000.0,Over500_2026_P02_-_published.xlsx:1258,Over500_2026_P02_-_published.xlsx,1258,2026-05-20,PURESOUL CARE,care_or_education_placement,Adult Social Care,Third Party Payments,Private Contractors,2026-05-20 08:47:44.180,910.9,PureSoul Care Ltd
1000.0,Over500_2026_P02_-_published.xlsx:1263,Over500_2026_P02_-_published.xlsx,1263,2026-05-20,PURESOUL CARE,care_or_education_placement,Adult Social Care,Third Party Payments,Private Contractors,2026-05-20 08:47:44.180,910.86,PureSoul Care Ltd
1000.0,Over500_2026_P02_-_published.xlsx:1278,Over500_2026_P02_-_published.xlsx,1278,2026-05-20,PURESOUL CARE,care_or_education_placement,Adult Social Care,Third Party Payments,Private Contractors,2026-05-20 08:47:44.180,910.86,PureSoul Care Ltd
1000.0,Over500_2026_P02_-_published.xlsx:1332,Over500_2026_P02_-_published.xlsx,1332,2026-05-22,PURESOUL CARE,care_or_education_placement,Adult Social Care,Third Party Payments,Private Contractors,2026-05-22 09:08:05.493,989.19,PureSoul Care Ltd
1000.0,Over500_2026_P02_-_published.xlsx:1349,Over500_2026_P02_-_published.xlsx,1349,2026-05-27,CARE HOME NEWBURY,care_or_education_placement,Adult Social Care,Third Party Payments,Private Contractors,2026-05-27 09:34:45.977,918.58,Care @ Home Newbury Ltd
1000.0,Over500_2026_P02_-_published.xlsx:1350,Over500_2026_P02_-_published.xlsx,1350,2026-05-27,CARE PARTNERS,care_or_education_placement,Adult Social Care,Third Party Payments,Private Contractors,2026-05-27 09:34:45.977,922.21,CARE PARTNERS (NEWBURY) LTD
1000.0,Over500_2026_P02_-_published.xlsx:1376,Over500_2026_P02_-_published.xlsx,1376,2026-05-13,ACORN HOME SUPPORT,care_or_education_placement,Adult Social Care,Third Party Payments,Private Contractors,2026-05-13 10:12:08.150,905.15,Acorn Home Support Ltd
1000.0,Over500_2026_P02_-_published.xlsx:1433,Over500_2026_P02_-_published.xlsx,1433,2026-05-13,ABI SUPPORT,care_or_education_placement,Adult Social Care,Third Party Payments,Private Contractors,2026-05-13 10:12:08.150,954.02,Abi-support Ltd
1000.0,Over500_2026_P02_-_published.xlsx:1434,Over500_2026_P02_-_published.xlsx,1434,2026-05-20,PURESOUL CARE,care_or_education_placement,Adult Social Care,Third Party Payments,Private Contractors,2026-05-20 08:47:44.180,910.86,PureSoul Care Ltd
1000.0,Over500_2026_P02_-_published.xlsx:1440,Over500_2026_P02_-_published.xlsx,1440,2026-05-20,ALL CARE,care_or_education_placement,Adult Social Care,Third Party Payments,Private Contractors,2026-05-20 08:47:44.180,920.65,All-Care (GB) Ltd
1000.0,Over500_2026_P02_-_published.xlsx:1585,Over500_2026_P02_-_published.xlsx,1585,2026-05-06,WE ARE CARE COMPANY,care_or_education_placement,Adult Social Care,Third Party Payments,Private Contractors,2026-05-06 10:20:24.033,928.2,We Are The Care Company Ltd
1000.0,Over500_2026_P02_-_published.xlsx:1589,Over500_2026_P02_-_published.xlsx,1589,2026-05-13,COMFORT HARMONY CARE,care_or_education_placement,Adult Social Care,Third Party Payments,Private Contractors,2026-05-13 10:12:08.150,954.05,Comfort Harmony Care Ltd
1000.0,Over500_2026_P02_-_published.xlsx:1598,Over500_2026_P02_-_published.xlsx,1598,2026-05-13,ABI SUPPORT,care_or_education_placement,Adult Social Care,Third Party Payments,Private Contractors,2026-05-13 10:12:08.150,947.96,Abi-support Ltd
1000.0,Over500_2026_P02_-_published.xlsx:1605,Over500_2026_P02_-_published.xlsx,1605,2026-05-20,COMFORT HARMONY CARE,care_or_education_placement,Adult Social Care,Third Party Payments,Private Contractors,2026-05-20 08:47:44.180,931.25,Comfort Harmony Care Ltd
1000.0,Over500_2026_P02_-_published.xlsx:1611,Over500_2026_P02_-_published.xlsx,1611,2026-05-20,ALL CARE,care_or_education_placement,Adult Social Care,Third Party Payments,Private Contractors,2026-05-20 08:47:44.180,948.35,All-Care (GB) Ltd
1000.0,Over500_2026_P02_-_published.xlsx:1612,Over500_2026_P02_-_published.xlsx,1612,2026-05-20,ALL CARE,care_or_education_placement,Adult Social Care,Third Party Payments,Private Contractors,2026-05-20 08:47:44.180,937.16,All-Care (GB) Ltd
1000.0,Over500_2026_P02_-_published.xlsx:1614,Over500_2026_P02_-_published.xlsx,1614,2026-05-20,ALL CARE,care_or_education_placement,Adult Social Care,Third Party Payments,Private Contractors,2026-05-20 08:47:44.180,942.65,All-Care (GB) Ltd
1000.0,Over500_2026_P02_-_published.xlsx:1618,Over500_2026_P02_-_published.xlsx,1618,2026-05-27,I V CARE,care_or_education_placement,Adult Social Care,Third Party Payments,Private Contractors,2026-05-27 09:34:45.977,999.96,I.V Care Limited t/a Good Oaks Home Care (Reading)
1000.0,Over500_2026_P02_-_published.xlsx:1763,Over500_2026_P02_-_published.xlsx,1763,2026-05-20,INDEPENDENCE WITH DIGNITY SUPPORT SERVICES,care_or_education_placement,Adult Social Care,Third Party Payments,Private Contractors,2026-05-20 08:47:44.180,913.18,INDEPENDENCE WITH DIGNITY SUPPORT SERVICES LTD
1000.0,Over500_2026_P02_-_published.xlsx:1766,Over500_2026_P02_-_published.xlsx,1766,2026-05-20,FOCUS SUPPORT,care_or_education_placement,Adult Social Care,Third Party Payments,Private Contractors,2026-05-20 08:47:44.180,907.72,FOCUS SUPPORT LTD
1000.0,Over500_2026_P02_-_published.xlsx:1780,Over500_2026_P02_-_published.xlsx,1780,2026-05-20,CREATIVE SUPPORT,care_or_education_placement,Adult Social Care,Third Party Payments,Private Contractors,2026-05-20 08:47:44.180,920.42,CREATIVE SUPPORT
1000.0,Over500_2026_P02_-_published.xlsx:1784,Over500_2026_P02_-_published.xlsx,1784,2026-05-22,CEDAR HOPE CARE SERVICES,care_or_education_placement,Adult Social Care,Third Party Payments,Private Contractors,2026-05-22 09:08:05.493,989.8,Cedar Hope Care Services Ltd
1000.0,Over500_2026_P02_-_published.xlsx:1787,Over500_2026_P02_-_published.xlsx,1787,2026-05-22,CEDAR HOPE CARE SERVICES,care_or_education_placement,Adult Social Care,Third Party Payments,Private Contractors,2026-05-22 09:08:05.493,944.35,Cedar Hope Care Services Ltd
1000.0,Over500_2026_P02_-_published.xlsx:1791,Over500_2026_P02_-_published.xlsx,1791,2026-05-22,VOYAGE CARE,care_or_education_placement,Adult Social Care,Third Party Payments,Private Contractors,2026-05-22 09:08:05.493,906.72,VOYAGE CARE
1000.0,Over500_2026_P02_-_published.xlsx:1819,Over500_2026_P02_-_published.xlsx,1819,2026-05-22,TRANSPARENT CARE,care_or_education_placement,Adult Social Care,Third Party Payments,Private Contractors,2026-05-22 09:08:05.493,933.48,Transparent Care Ltd
1000.0,Over500_2026_P02_-_published.xlsx:1830,Over500_2026_P02_-_published.xlsx,1830,2026-05-22,JOHAV CARE SUPPORT HEALTHCARE,care_or_education_placement,Adult Social Care,Third Party Payments,Private Contractors,2026-05-22 09:08:05.493,966.0,Johav Care support Healthcare Limited
1000.0,Over500_2026_P02_-_published.xlsx:1876,Over500_2026_P02_-_published.xlsx,1876,2026-05-20,COMFORT HARMONY CARE,care_or_education_placement,Adult Social Care,Third Party Payments,Private Contractors,2026-05-20 08:47:44.180,954.02,Comfort Harmony Care Ltd
1000.0,Over500_2026_P02_-_published.xlsx:1986,Over500_2026_P02_-_published.xlsx,1986,2026-05-13,SHAW HEALTHCARE HOMEFIELD HOUSE NURSING HOME,care_or_education_placement,Adult Social Care,Third Party Payments,Private Contractors,2026-05-13 10:12:08.150,980.49,Shaw Healthcare (Group) Limited - Homefield House Nursing Home
1000.0,Over500_2026_P02_-_published.xlsx:2003,Over500_2026_P02_-_published.xlsx,2003,2026-05-20,APEX PRIME CARE,care_or_education_placement,Adult Social Care,Third Party Payments,Private Contractors,2026-05-20 08:47:44.180,936.64,Apex Prime Care Ltd
1000.0,Over500_2026_P02_-_published.xlsx:2072,Over500_2026_P02_-_published.xlsx,2072,2026-05-19,ASTON NURSING SERVICES,care_or_education_placement,Children's Social Care,Third Party Payments,Private Contractors,2026-05-19 12:57:21.053,969.67,Aston Nursing Services LTD
1000.0,Over500_2026_P02_-_published.xlsx:2073,Over500_2026_P02_-_published.xlsx,2073,2026-05-19,ASTON NURSING SERVICES,care_or_education_placement,Children's Social Care,Third Party Payments,Private Contractors,2026-05-19 12:57:21.053,969.67,Aston Nursing Services LTD
1000.0,Over500_2026_P02_-_published.xlsx:2078,Over500_2026_P02_-_published.xlsx,2078,2026-05-19,STEP BY STEP PARTNERSHIP,care_or_education_placement,Children's Social Care,Third Party Payments,Private Contractors,2026-05-19 13:07:22.980,938.4,STEP BY STEP PARTNERSHIP LTD
1000.0,Over500_2026_P02_-_published.xlsx:2125,Over500_2026_P02_-_published.xlsx,2125,2026-05-18,STEP BY STEP PARTNERSHIP,care_or_education_placement,Children's Social Care,Third Party Payments,Private Contractors,2026-05-18 16:46:17.293,938.4,STEP BY STEP PARTNERSHIP LTD
1000.0,Over500_2026_P02_-_published.xlsx:2126,Over500_2026_P02_-_published.xlsx,2126,2026-05-19,STEP BY STEP PARTNERSHIP,care_or_education_placement,Children's Social Care,Third Party Payments,Private Contractors,2026-05-19 13:07:22.980,938.4,STEP BY STEP PARTNERSHIP LTD
1000.0,Over500_2026_P02_-_published.xlsx:2127,Over500_2026_P02_-_published.xlsx,2127,2026-05-20,STEP BY STEP PARTNERSHIP,care_or_education_placement,Children's Social Care,Third Party Payments,Private Contractors,2026-05-20 12:37:19.963,938.4,STEP BY STEP PARTNERSHIP LTD
1000.0,Over500_2026_P02_-_published.xlsx:2128,Over500_2026_P02_-_published.xlsx,2128,2026-05-20,STEP BY STEP PARTNERSHIP,care_or_education_placement,Children's Social Care,Third Party Payments,Private Contractors,2026-05-20 12:37:19.963,938.4,STEP BY STEP PARTNERSHIP LTD
1000.0,Over500_2026_P02_-_published.xlsx:2142,Over500_2026_P02_-_published.xlsx,2142,2026-05-19,STEP BY STEP PARTNERSHIP,care_or_education_placement,Children's Social Care,Third Party Payments,Private Contractors,2026-05-19 10:16:33.663,938.4,STEP BY STEP PARTNERSHIP LTD
1000.0,Over500_2026_P02_-_published.xlsx:2147,Over500_2026_P02_-_published.xlsx,2147,2026-05-20,STEP BY STEP PARTNERSHIP,care_or_education_placement,Children's Social Care,Third Party Payments,Private Contractors,2026-05-20 12:40:20.983,938.4,STEP BY STEP PARTNERSHIP LTD
1000.0,Over500_2026_P02_-_published.xlsx:2148,Over500_2026_P02_-_published.xlsx,2148,2026-05-20,STEP BY STEP PARTNERSHIP,care_or_education_placement,Children's Social Care,Third Party Payments,Private Contractors,2026-05-20 12:50:19.323,938.4,STEP BY STEP PARTNERSHIP LTD
1000.0,Over500_2026_P02_-_published.xlsx:2165,Over500_2026_P02_-_published.xlsx,2165,2026-05-12,CHIPSIDE,general_procurement,Environment,Third Party Payments,Private Contractors,2026-05-12 11:19:53.440,900.0,Chipside Ltd
1000.0,Over500_2026_P02_-_published.xlsx:2291,Over500_2026_P02_-_published.xlsx,2291,2026-05-01,E WALLET,general_procurement,Children's Social Care,Transfer Payment,Allowances for provision care,2026-05-01 16:43:47.343,1000.0,E-WALLET
1000.0,Over500_2026_P03_-_published.xlsx:4,Over500_2026_P03_-_published.xlsx,4,2026-06-10,AMBITION 24 HOURS,agency_staff,Adult Social Care,Employees,Agency & Temporary Staff,2026-06-10 14:19:06.263,933.24,AMBITION 24 HOURS
1000.0,Over500_2026_P03_-_published.xlsx:17,Over500_2026_P03_-_published.xlsx,17,2026-06-30,PHF TRAINING,general_procurement,Community Services,Employees,Training,2026-06-30 09:43:48.540,995.0,PHF Training
1000.0,Over500_2026_P03_-_published.xlsx:43,Over500_2026_P03_-_published.xlsx,43,2026-06-25,360 SECURITY AND SUPPORT SERVICES,general_procurement,Development & Housing,Premises,Corporate R&M,2026-06-25 09:22:20.057,980.89,360 Security & Support Services Ltd
1000.0,Over500_2026_P03_-_published.xlsx:48,Over500_2026_P03_-_published.xlsx,48,2026-06-09,ANCHOR PIPEWORK,general_procurement,Community Services,Premises,Corporate R&M,2026-06-09 15:46:28.000,903.68,ANCHOR PIPEWORK LIMITED
1000.0,Over500_2026_P03_-_published.xlsx:50,Over500_2026_P03_-_published.xlsx,50,2026-06-03,BERKSHIRE MECHANICAL SERVICES,general_procurement,Development & Housing,Premises,Corporate R&M,2026-06-03 09:54:59.500,1000.0,BERKSHIRE MECHANICAL SERVICES
1000.0,Over500_2026_P03_-_published.xlsx:51,Over500_2026_P03_-_published.xlsx,51,2026-06-03,360 SECURITY AND SUPPORT SERVICES,general_procurement,Development & Housing,Premises,Corporate R&M,2026-06-03 12:55:21.200,960.02,360 Security & Support Services Ltd
1000.0,Over500_2026_P03_-_published.xlsx:53,Over500_2026_P03_-_published.xlsx,53,2026-06-17,360 SECURITY AND SUPPORT SERVICES,general_procurement,Development & Housing,Premises,Corporate R&M,2026-06-17 17:05:38.013,980.89,360 Security & Support Services Ltd
1000.0,Over500_2026_P03_-_published.xlsx:61,Over500_2026_P03_-_published.xlsx,61,2026-06-30,MECE FIRE AND SECURITY,general_procurement,Environment,Premises,Corporate R&M,2026-06-30 12:53:20.977,991.01,MECE FIRE & SECURITY LTD
1000.0,Over500_2026_P03_-_published.xlsx:80,Over500_2026_P03_-_published.xlsx,80,2026-06-01,SSE ENERGY SOLUTIONS,general_procurement,Environment,Premises,Energy costs,2026-06-01 14:38:31.167,901.45,SSE ENERGY SOLUTIONS
1000.0,Over500_2026_P03_-_published.xlsx:129,Over500_2026_P03_-_published.xlsx,129,2026-06-19,CASTLE WATER,premises_non_procurement,Development & Housing,Premises,Water Rates,2026-06-19 16:25:37.210,917.01,CASTLE WATER LIMITED
1000.0,Over500_2026_P03_-_published.xlsx:137,Over500_2026_P03_-_published.xlsx,137,2026-06-08,GLEN CLEANING COMPANY,general_procurement,Community Services,Premises,Cleaning,2026-06-08 12:05:31.283,901.77,Glen Cleaning Company Ltd
1000.0,Over500_2026_P03_-_published.xlsx:166,Over500_2026_P03_-_published.xlsx,166,2026-06-03,PREMIER CARS,general_procurement,Education & SEND,Transport,Transport Hire,2026-06-03 09:05:20.583,968.0,Premier Cars
1000.0,Over500_2026_P03_-_published.xlsx:190,Over500_2026_P03_-_published.xlsx,190,2026-06-30,BRITS AIRPORT CARS,general_procurement,Education & SEND,Transport,Transport Hire,2026-06-30 13:13:40.147,920.0,BRITS AIRPORT CARS LIMITED
1000.0,Over500_2026_P03_-_published.xlsx:209,Over500_2026_P03_-_published.xlsx,209,2026-06-04,SIKANDAR HAYAT,general_procurement,Education & SEND,Transport,Transport Hire,2026-06-04 13:08:57.967,996.43,Sikandar Hayat t/a Prompt Cars
1000.0,Over500_2026_P03_-_published.xlsx:280,Over500_2026_P03_-_published.xlsx,280,2026-06-25,BERKSHIRE MECHANICAL SERVICES,general_procurement,Development & Housing,Premises,Corporate R&M,2026-06-25 09:32:03.820,1000.0,BERKSHIRE MECHANICAL SERVICES
1000.0,Over500_2026_P03_-_published.xlsx:306,Over500_2026_P03_-_published.xlsx,306,2026-06-16,SOUTHERN MEDICAL,general_procurement,Adult Social Care,Premises,Cleaning,2026-06-16 13:16:22.430,901.47,SOUTHERN MEDICAL LTD
1000.0,Over500_2026_P03_-_published.xlsx:308,Over500_2026_P03_-_published.xlsx,308,2026-06-01,SYNCARE,general_procurement,Adult Social Care,Premises,Cleaning,2026-06-01 10:25:21.480,919.96,SYNCARE T/A REDLAND HEALTHCARE LTD
1000.0,Over500_2026_P03_-_published.xlsx:311,Over500_2026_P03_-_published.xlsx,311,2026-06-09,GLEN CLEANING COMPANY,general_procurement,Community Services,Premises,Cleaning,2026-06-09 12:49:05.497,930.63,Glen Cleaning Company Ltd
1000.0,Over500_2026_P03_-_published.xlsx:312,Over500_2026_P03_-_published.xlsx,312,2026-06-30,GLEN CLEANING COMPANY,general_procurement,Community Services,Premises,Cleaning,2026-06-30 09:37:21.583,930.63,Glen Cleaning Company Ltd
1000.0,Over500_2026_P03_-_published.xlsx:462,Over500_2026_P03_-_published.xlsx,462,2026-06-09,AMBER ATHILL,general_procurement,Community Services,Supplies & Services,Professional Fees,2026-06-09 12:19:18.837,900.0,Amber Athill (12CP Barristers)
1000.0,Over500_2026_P03_-_published.xlsx:463,Over500_2026_P03_-_published.xlsx,463,2026-06-16,P S AYLMER VETERINARY CONSULTANCY,general_procurement,Community Services,Supplies & Services,Professional Fees,2026-06-16 09:45:44.433,990.5,P S Aylmer Veterinary Consultancy
1000.0,Over500_2026_P03_-_published.xlsx:487,Over500_2026_P03_-_published.xlsx,487,2026-06-08,ROBIN HOOD MAT YENTON PRIMARY,grant,Education (DSG Funded) & Other Education Grants,Supplies & Services,Grants,2026-06-08 11:25:18.010,1000.0,ROBIN HOOD MAT - YENTON PRIMARY
1000.0,Over500_2026_P03_-_published.xlsx:517,Over500_2026_P03_-_published.xlsx,517,2026-06-15,ADCS,general_procurement,Executive Director People - Children's Services,Supplies & Services,Conference provision,2026-06-15 10:09:34.920,976.0,ADCS
1000.0,Over500_2026_P03_-_published.xlsx:651,Over500_2026_P03_-_published.xlsx,651,2026-06-15,MOTOFIX ACCIDENT REPAIR CENTRE,general_procurement,"Finance, Property & Procurement",Supplies & Services,Insurance Premiums,2026-06-15 09:29:32.973,1000.0,MOTOFIX ACCIDENT REPAIR CENTRE LTD
1000.0,Over500_2026_P03_-_published.xlsx:682,Over500_2026_P03_-_published.xlsx,682,2026-06-30,WSP,general_procurement,Environment,Third Party Payments,Payment to contractor,2026-06-30 12:43:02.437,916.21,WSP UK  LTD
1000.0,Over500_2026_P03_-_published.xlsx:720,Over500_2026_P03_-_published.xlsx,720,2026-06-11,WSP,general_procurement,Development & Housing,Supplies & Services,Consultants,2026-06-11 15:25:55.810,942.18,WSP UK  LTD
1000.0,Over500_2026_P03_-_published.xlsx:722,Over500_2026_P03_-_published.xlsx,722,2026-06-10,ADF ENVIRONMENTAL,general_procurement,Education & SEND,Premises,Survey,2026-06-10 13:09:12.280,950.0,ADF ENVIRONMENTAL LTD
1000.0,Over500_2026_P03_-_published.xlsx:831,Over500_2026_P03_-_published.xlsx,831,2026-06-15,PRESTIGE NETWORK,general_procurement,Children's Social Care,Supplies & Services,Professional Fees,2026-06-15 10:25:54.017,993.48,PRESTIGE NETWORK
1000.0,Over500_2026_P03_-_published.xlsx:972,Over500_2026_P03_-_published.xlsx,972,2026-06-03,ADDRESS ENTERPRISE,care_or_education_placement,Adult Social Care,Third Party Payments,Private Contractors,2026-06-03 09:57:27.700,996.75,Address Enterprise Ltd
1000.0,Over500_2026_P03_-_published.xlsx:990,Over500_2026_P03_-_published.xlsx,990,2026-06-03,BLOOMFIELD CARE,care_or_education_placement,Adult Social Care,Third Party Payments,Private Contractors,2026-06-03 09:57:27.700,953.06,Bloomfield Care Ltd
1000.0,Over500_2026_P03_-_published.xlsx:997,Over500_2026_P03_-_published.xlsx,997,2026-06-03,ENIRO CARE,care_or_education_placement,Adult Social Care,Third Party Payments,Private Contractors,2026-06-03 09:57:27.700,910.8,Eniro Care Ltd
1000.0,Over500_2026_P03_-_published.xlsx:1002,Over500_2026_P03_-_published.xlsx,1002,2026-06-10,COMFORT HARMONY CARE,care_or_education_placement,Adult Social Care,Third Party Payments,Private Contractors,2026-06-10 09:51:27.507,968.0,Comfort Harmony Care Ltd
1000.0,Over500_2026_P03_-_published.xlsx:1034,Over500_2026_P03_-_published.xlsx,1034,2026-06-03,ETERNAL HOMECARE READING,care_or_education_placement,Adult Social Care,Third Party Payments,Private Contractors,2026-06-03 09:57:27.700,915.74,Eternal Homecare Reading
1000.0,Over500_2026_P03_-_published.xlsx:1035,Over500_2026_P03_-_published.xlsx,1035,2026-06-03,ETERNAL HOMECARE READING,care_or_education_placement,Adult Social Care,Third Party Payments,Private Contractors,2026-06-03 09:57:27.700,972.13,Eternal Homecare Reading
1000.0,Over500_2026_P03_-_published.xlsx:1117,Over500_2026_P03_-_published.xlsx,1117,2026-06-10,NOUBLES HEALTHCARE,care_or_education_placement,Adult Social Care,Third Party Payments,Private Contractors,2026-06-10 09:51:27.507,956.36,Noubles Healthcare Ltd
1000.0,Over500_2026_P03_-_published.xlsx:1142,Over500_2026_P03_-_published.xlsx,1142,2026-06-10,ENIRO CARE,care_or_education_placement,Adult Social Care,Third Party Payments,Private Contractors,2026-06-10 09:51:27.507,905.1,Eniro Care Ltd
1000.0,Over500_2026_P03_-_published.xlsx:1145,Over500_2026_P03_-_published.xlsx,1145,2026-06-17,PURESOUL CARE,care_or_education_placement,Adult Social Care,Third Party Payments,Private Contractors,2026-06-17 10:32:49.720,913.08,PureSoul Care Ltd
1000.0,Over500_2026_P03_-_published.xlsx:1147,Over500_2026_P03_-_published.xlsx,1147,2026-06-17,PURESOUL CARE,care_or_education_placement,Adult Social Care,Third Party Payments,Private Contractors,2026-06-17 10:32:49.720,913.08,PureSoul Care Ltd
1000.0,Over500_2026_P03_-_published.xlsx:1160,Over500_2026_P03_-_published.xlsx,1160,2026-06-24,CARE HOME NEWBURY,care_or_education_placement,Adult Social Care,Third Party Payments,Private Contractors,2026-06-24 10:35:07.460,920.86,Care @ Home Newbury Ltd
1000.0,Over500_2026_P03_-_published.xlsx:1162,Over500_2026_P03_-_published.xlsx,1162,2026-06-24,TOPLINE CARE SOLUTIONS,care_or_education_placement,Adult Social Care,Third Party Payments,Private Contractors,2026-06-24 10:35:07.460,956.36,Topline Care Solutions Ltd
1000.0,Over500_2026_P03_-_published.xlsx:1183,Over500_2026_P03_-_published.xlsx,1183,2026-06-24,ETERNAL HOMECARE READING,care_or_education_placement,Adult Social Care,Third Party Payments,Private Contractors,2026-06-24 10:35:07.460,956.32,Eternal Homecare Reading
1000.0,Over500_2026_P03_-_published.xlsx:1207,Over500_2026_P03_-_published.xlsx,1207,2026-06-24,PURESOUL CARE,care_or_education_placement,Adult Social Care,Third Party Payments,Private Contractors,2026-06-24 10:35:07.460,913.12,PureSoul Care Ltd
1000.0,Over500_2026_P03_-_published.xlsx:1223,Over500_2026_P03_-_published.xlsx,1223,2026-06-24,TOPLINE CARE SOLUTIONS,care_or_education_placement,Adult Social Care,Third Party Payments,Private Contractors,2026-06-24 10:35:07.460,956.36,Topline Care Solutions Ltd
1000.0,Over500_2026_P03_-_published.xlsx:1238,Over500_2026_P03_-_published.xlsx,1238,2026-06-24,ALL CARE,care_or_education_placement,Adult Social Care,Third Party Payments,Private Contractors,2026-06-24 10:35:07.460,940.1,All-Care (GB) Ltd
1000.0,Over500_2026_P03_-_published.xlsx:1261,Over500_2026_P03_-_published.xlsx,1261,2026-06-10,ACORN HOME SUPPORT,care_or_education_placement,Adult Social Care,Third Party Payments,Private Contractors,2026-06-10 09:51:27.507,908.31,Acorn Home Support Ltd
1000.0,Over500_2026_P03_-_published.xlsx:1305,Over500_2026_P03_-_published.xlsx,1305,2026-06-17,PURESOUL CARE,care_or_education_placement,Adult Social Care,Third Party Payments,Private Contractors,2026-06-17 10:32:49.720,913.08,PureSoul Care Ltd
1000.0,Over500_2026_P03_-_published.xlsx:1307,Over500_2026_P03_-_published.xlsx,1307,2026-06-24,ABI SUPPORT,care_or_education_placement,Adult Social Care,Third Party Payments,Private Contractors,2026-06-24 10:35:07.460,950.63,Abi-support Ltd
1000.0,Over500_2026_P03_-_published.xlsx:1308,Over500_2026_P03_-_published.xlsx,1308,2026-06-24,ALL CARE,care_or_education_placement,Adult Social Care,Third Party Payments,Private Contractors,2026-06-24 10:35:07.460,939.26,All-Care (GB) Ltd
1000.0,Over500_2026_P03_-_published.xlsx:1359,Over500_2026_P03_-_published.xlsx,1359,2026-06-10,BEST PINNACLE CARE,care_or_education_placement,Adult Social Care,Third Party Payments,Private Contractors,2026-06-10 09:51:27.507,954.05,Best Pinnacle Care Ltd
1000.0,Over500_2026_P03_-_published.xlsx:1367,Over500_2026_P03_-_published.xlsx,1367,2026-06-10,ENIRO CARE,care_or_education_placement,Adult Social Care,Third Party Payments,Private Contractors,2026-06-10 09:51:27.507,956.36,Eniro Care Ltd
1000.0,Over500_2026_P03_-_published.xlsx:1446,Over500_2026_P03_-_published.xlsx,1446,2026-06-24,JOHAV CARE SUPPORT HEALTHCARE,care_or_education_placement,Adult Social Care,Third Party Payments,Private Contractors,2026-06-24 10:35:07.460,952.0,Johav Care support Healthcare Limited
1000.0,Over500_2026_P03_-_published.xlsx:1523,Over500_2026_P03_-_published.xlsx,1523,2026-06-03,AFFINITY TRUST SUPPORT,care_or_education_placement,Adult Social Care,Third Party Payments,Private Contractors,2026-06-03 09:57:27.700,940.42,Affinity Trust Support Ltd
1000.0,Over500_2026_P03_-_published.xlsx:1558,Over500_2026_P03_-_published.xlsx,1558,2026-06-24,COMFORT HARMONY CARE,care_or_education_placement,Adult Social Care,Third Party Payments,Private Contractors,2026-06-24 10:35:07.460,956.36,Comfort Harmony Care Ltd
1000.0,Over500_2026_P03_-_published.xlsx:1567,Over500_2026_P03_-_published.xlsx,1567,2026-06-10,WE ARE CARE COMPANY,care_or_education_placement,Adult Social Care,Third Party Payments,Private Contractors,2026-06-10 09:51:27.507,990.0,We Are The Care Company Ltd
1000.0,Over500_2026_P03_-_published.xlsx:1587,Over500_2026_P03_-_published.xlsx,1587,2026-06-24,JOHAV CARE SUPPORT HEALTHCARE,care_or_education_placement,Adult Social Care,Third Party Payments,Private Contractors,2026-06-24 10:35:07.460,999.6,Johav Care support Healthcare Limited
1000.0,Over500_2026_P03_-_published.xlsx:1613,Over500_2026_P03_-_published.xlsx,1613,2026-06-03,AFFINITY TRUST SUPPORT,care_or_education_placement,Adult Social Care,Third Party Payments,Private Contractors,2026-06-03 09:57:27.700,940.42,Affinity Trust Support Ltd
1000.0,Over500_2026_P03_-_published.xlsx:1620,Over500_2026_P03_-_published.xlsx,1620,2026-06-10,CREATIVE SUPPORT,care_or_education_placement,Adult Social Care,Third Party Payments,Private Contractors,2026-06-10 09:51:27.507,923.52,CREATIVE SUPPORT
1000.0,Over500_2026_P03_-_published.xlsx:1707,Over500_2026_P03_-_published.xlsx,1707,2026-06-24,VOYAGE CARE,care_or_education_placement,Adult Social Care,Third Party Payments,Private Contractors,2026-06-24 10:35:07.460,906.72,VOYAGE CARE
1000.0,Over500_2026_P03_-_published.xlsx:1748,Over500_2026_P03_-_published.xlsx,1748,2026-06-24,INTERAKT COMMUNITY,care_or_education_placement,Adult Social Care,Third Party Payments,Private Contractors,2026-06-24 10:35:07.460,985.76,Interakt Community Limited
1000.0,Over500_2026_P03_-_published.xlsx:1762,Over500_2026_P03_-_published.xlsx,1762,2026-06-10,BEST PINNACLE CARE,care_or_education_placement,Adult Social Care,Third Party Payments,Private Contractors,2026-06-10 09:51:27.507,954.05,Best Pinnacle Care Ltd
1000.0,Over500_2026_P03_-_published.xlsx:1767,Over500_2026_P03_-_published.xlsx,1767,2026-06-24,PURLEY PARK TRUST,care_or_education_placement,Adult Social Care,Third Party Payments,Private Contractors,2026-06-24 10:35:07.460,906.24,PURLEY PARK TRUST LTD
1000.0,Over500_2026_P03_-_published.xlsx:1769,Over500_2026_P03_-_published.xlsx,1769,2026-06-24,BEST PINNACLE CARE,care_or_education_placement,Adult Social Care,Third Party Payments,Private Contractors,2026-06-24 10:35:07.460,956.36,Best Pinnacle Care Ltd
1000.0,Over500_2026_P03_-_published.xlsx:1790,Over500_2026_P03_-_published.xlsx,1790,2026-06-03,INTERAKT COMMUNITY,care_or_education_placement,Adult Social Care,Third Party Payments,Private Contractors,2026-06-03 09:57:27.700,967.13,Interakt Community Limited
1000.0,Over500_2026_P03_-_published.xlsx:1803,Over500_2026_P03_-_published.xlsx,1803,2026-06-24,INTERAKT COMMUNITY,care_or_education_placement,Adult Social Care,Third Party Payments,Private Contractors,2026-06-24 10:35:07.460,979.55,Interakt Community Limited
1000.0,Over500_2026_P03_-_published.xlsx:1840,Over500_2026_P03_-_published.xlsx,1840,2026-06-10,JC99,care_or_education_placement,Adult Social Care,Third Party Payments,Private Contractors,2026-06-10 09:51:27.507,906.07,JC99 Ltd T/A Visiting Angels
1000.0,Over500_2026_P03_-_published.xlsx:1873,Over500_2026_P03_-_published.xlsx,1873,2026-06-17,PURPLE OAK SUPPORT,care_or_education_placement,Adult Social Care,Third Party Payments,Private Contractors,2026-06-17 10:32:49.720,900.0,Purple Oak Support
1000.0,Over500_2026_P03_-_published.xlsx:1923,Over500_2026_P03_-_published.xlsx,1923,2026-06-09,STEP BY STEP PARTNERSHIP,care_or_education_placement,Children's Social Care,Third Party Payments,Private Contractors,2026-06-09 12:06:00.880,969.68,STEP BY STEP PARTNERSHIP LTD
1000.0,Over500_2026_P03_-_published.xlsx:1967,Over500_2026_P03_-_published.xlsx,1967,2026-06-10,APEX PRIME CARE,care_or_education_placement,Adult Social Care,Third Party Payments,Private Contractors,2026-06-10 09:51:27.507,938.08,Apex Prime Care Ltd
1000.0,Over500_2026_P03_-_published.xlsx:2108,Over500_2026_P03_-_published.xlsx,2108,2026-06-08,STEP BY STEP PARTNERSHIP,care_or_education_placement,Children's Social Care,Third Party Payments,Private Contractors,2026-06-08 15:39:03.527,969.68,STEP BY STEP PARTNERSHIP LTD
1000.0,Over500_2026_P03_-_published.xlsx:2109,Over500_2026_P03_-_published.xlsx,2109,2026-06-09,STEP BY STEP PARTNERSHIP,care_or_education_placement,Children's Social Care,Third Party Payments,Private Contractors,2026-06-09 12:55:50.390,969.68,STEP BY STEP PARTNERSHIP LTD
1000.0,Over500_2026_P03_-_published.xlsx:2121,Over500_2026_P03_-_published.xlsx,2121,2026-06-09,STEP BY STEP PARTNERSHIP,care_or_education_placement,Children's Social Care,Third Party Payments,Private Contractors,2026-06-09 12:55:50.390,969.68,STEP BY STEP PARTNERSHIP LTD
1000.0,Over500_2026_P03_-_published.xlsx:2403,Over500_2026_P03_-_published.xlsx,2403,2026-06-10,VOLKERHIGHWAYS,general_procurement,Environment,Third Party Payments,Payment to contractor,2026-06-10 15:45:51.170,925.84,VolkerHighways Ltd
1000.0,Over500_2026_P03_-_published.xlsx:2697,Over500_2026_P03_-_published.xlsx,2697,2026-06-24,GOLDCREST CARE SERVICES,care_or_education_placement,Adult Social Care,Third Party Payments,Private Contractors,2026-06-24 10:35:07.460,956.36,Goldcrest Care Services
1000.0,Over500_2026_P03_-_published.xlsx:2737,Over500_2026_P03_-_published.xlsx,2737,2026-06-10,NOUBLES HEALTHCARE,care_or_education_placement,Adult Social Care,Third Party Payments,Private Contractors,2026-06-10 09:51:27.507,956.36,Noubles Healthcare Ltd
1000.0,Over500_2026_P03_-_published.xlsx:2740,Over500_2026_P03_-_published.xlsx,2740,2026-06-10,COMFORT HARMONY CARE,care_or_education_placement,Adult Social Care,Third Party Payments,Private Contractors,2026-06-10 09:51:27.507,939.26,Comfort Harmony Care Ltd
1000.0,Over500_2026_P03_-_published.xlsx:2780,Over500_2026_P03_-_published.xlsx,2780,2026-06-17,ABI SUPPORT,care_or_education_placement,Adult Social Care,Third Party Payments,Private Contractors,2026-06-17 10:32:49.720,956.36,Abi-support Ltd
1000.0,Over500_2026_P03_-_published.xlsx:2822,Over500_2026_P03_-_published.xlsx,2822,2026-06-03,ENIRO CARE,care_or_education_placement,Adult Social Care,Third Party Payments,Private Contractors,2026-06-03 09:57:27.700,954.05,Eniro Care Ltd
1000.0,Over500_2026_P03_-_published.xlsx:2828,Over500_2026_P03_-_published.xlsx,2828,2026-06-24,WE ARE CARE COMPANY,care_or_education_placement,Adult Social Care,Third Party Payments,Private Contractors,2026-06-24 10:35:07.460,956.36,We Are The Care Company Ltd
1000.0,Over500_2026_P03_-_published.xlsx:2859,Over500_2026_P03_-_published.xlsx,2859,2026-06-03,ADDRESS ENTERPRISE,care_or_education_placement,Adult Social Care,Third Party Payments,Private Contractors,2026-06-03 09:57:27.700,979.59,Address Enterprise Ltd
1000.0,Over500_2026_P03_-_published.xlsx:2866,Over500_2026_P03_-_published.xlsx,2866,2026-06-10,WE ARE CARE COMPANY,care_or_education_placement,Adult Social Care,Third Party Payments,Private Contractors,2026-06-10 09:51:27.507,999.6,We Are The Care Company Ltd
1000.0,Over500_2026_P03_-_published.xlsx:2882,Over500_2026_P03_-_published.xlsx,2882,2026-06-24,ALL CARE,care_or_education_placement,Adult Social Care,Third Party Payments,Private Contractors,2026-06-24 10:35:07.460,933.58,All-Care (GB) Ltd
1000.0,Over500_2026_P03_-_published.xlsx:2912,Over500_2026_P03_-_published.xlsx,2912,2026-06-10,JOHAV CARE SUPPORT HEALTHCARE,care_or_education_placement,Adult Social Care,Third Party Payments,Private Contractors,2026-06-10 09:51:27.507,948.8,Johav Care support Healthcare Limited
1000.0,Over500_2026_P03_-_published.xlsx:2967,Over500_2026_P03_-_published.xlsx,2967,2026-06-17,INTERAKT COMMUNITY,care_or_education_placement,Adult Social Care,Third Party Payments,Private Contractors,2026-06-17 10:32:49.720,967.13,Interakt Community Limited
1000.0,Over500_2026_P03_-_published.xlsx:2980,Over500_2026_P03_-_published.xlsx,2980,2026-06-24,BEST PINNACLE CARE,care_or_education_placement,Adult Social Care,Third Party Payments,Private Contractors,2026-06-24 10:35:07.460,956.36,Best Pinnacle Care Ltd
1000.0,Over500_2026_P03_-_published.xlsx:2983,Over500_2026_P03_-_published.xlsx,2983,2026-06-10,BEST PINNACLE CARE,care_or_education_placement,Adult Social Care,Third Party Payments,Private Contractors,2026-06-10 09:51:27.507,954.05,Best Pinnacle Care Ltd
1000.0,Over500_2026_P03_-_published.xlsx:2992,Over500_2026_P03_-_published.xlsx,2992,2026-06-24,COMFORT HARMONY CARE,care_or_education_placement,Adult Social Care,Third Party Payments,Private Contractors,2026-06-24 10:35:07.460,922.18,Comfort Harmony Care Ltd
1000.0,Over500_2026_P03_-_published.xlsx:3067,Over500_2026_P03_-_published.xlsx,3067,2026-06-08,STEP BY STEP PARTNERSHIP,care_or_education_placement,Children's Social Care,Third Party Payments,Private Contractors,2026-06-08 15:45:54.390,969.68,STEP BY STEP PARTNERSHIP LTD
1000.0,Over500_2026_P03_-_published.xlsx:3071,Over500_2026_P03_-_published.xlsx,3071,2026-06-08,STEP BY STEP PARTNERSHIP,care_or_education_placement,Children's Social Care,Third Party Payments,Private Contractors,2026-06-08 15:45:54.390,969.68,STEP BY STEP PARTNERSHIP LTD
1000.0,Over500_2026_P03_-_published.xlsx:3072,Over500_2026_P03_-_published.xlsx,3072,2026-06-09,STEP BY STEP PARTNERSHIP,care_or_education_placement,Children's Social Care,Third Party Payments,Private Contractors,2026-06-09 12:55:50.390,969.68,STEP BY STEP PARTNERSHIP LTD
1000.0,Over500_2026_P03_-_published.xlsx:3073,Over500_2026_P03_-_published.xlsx,3073,2026-06-09,STEP BY STEP PARTNERSHIP,care_or_education_placement,Children's Social Care,Third Party Payments,Private Contractors,2026-06-09 13:26:06.170,969.68,STEP BY STEP PARTNERSHIP LTD
1000.0,Over500_2026_P03_-_published.xlsx:3085,Over500_2026_P03_-_published.xlsx,3085,2026-06-01,SEISMIC SEWAGE SYSTEMS,general_procurement,Environment,Third Party Payments,Private Contractors,2026-06-01 16:25:29.577,910.0,SEISMIC SEWAGE SYSTEMS LTD
1000.0,Over500_2026_P03_-_published.xlsx:3367,Over500_2026_P03_-_published.xlsx,3367,2026-06-17,E WALLET,general_procurement,Children's Social Care,Transfer Payment,Allowances for provision care,2026-06-17 11:09:37.893,1000.0,E-WALLET
1000.0,Over500_2026_P04_-_published.xlsx:4,Over500_2026_P04_-_published.xlsx,4,2026-07-31,CHANCES GIVES CHOICES,agency_staff,Children's Social Care,Employees,Agency & Temporary Staff,2026-07-31 10:34:15.303,945.0,CHANCES GIVES CHOICES
1000.0,Over500_2026_P04_-_published.xlsx:18,Over500_2026_P04_-_published.xlsx,18,2026-07-28,A PROJECT,agency_staff,Children's Social Care,Employees,Agency & Temporary Staff,2026-07-28 12:34:50.620,1000.0,THE A PROJECT
1000.0,Over500_2026_P04_-_published.xlsx:34,Over500_2026_P04_-_published.xlsx,34,2026-07-31,EXPERT ACCESS SOLUTIONS,general_procurement,Adult Social Care,Premises,Corporate R&M,2026-07-31 14:33:59.207,914.0,Expert Access Solutions Ltd
1000.0,Over500_2026_P04_-_published.xlsx:47,Over500_2026_P04_-_published.xlsx,47,2026-07-28,ANCHOR PIPEWORK,general_procurement,Community Services,Premises,Corporate R&M,2026-07-28 11:04:24.037,925.16,ANCHOR PIPEWORK LIMITED
1000.0,Over500_2026_P04_-_published.xlsx:48,Over500_2026_P04_-_published.xlsx,48,2026-07-06,BERKSHIRE MECHANICAL SERVICES,general_procurement,Development & Housing,Premises,Corporate R&M,2026-07-06 16:44:05.123,975.0,BERKSHIRE MECHANICAL SERVICES
1000.0,Over500_2026_P04_-_published.xlsx:50,Over500_2026_P04_-_published.xlsx,50,2026-07-09,BERKSHIRE MECHANICAL SERVICES,general_procurement,Development & Housing,Premises,Corporate R&M,2026-07-09 06:02:54.113,1000.0,BERKSHIRE MECHANICAL SERVICES
1000.0,Over500_2026_P04_-_published.xlsx:52,Over500_2026_P04_-_published.xlsx,52,2026-07-03,360 SECURITY AND SUPPORT SERVICES,general_procurement,Development & Housing,Premises,Corporate R&M,2026-07-03 16:17:20.527,980.89,360 Security & Support Services Ltd
1000.0,Over500_2026_P04_-_published.xlsx:57,Over500_2026_P04_-_published.xlsx,57,2026-07-09,BERKSHIRE MECHANICAL SERVICES,general_procurement,Development & Housing,Premises,Corporate R&M,2026-07-09 09:55:56.600,900.0,BERKSHIRE MECHANICAL SERVICES
1000.0,Over500_2026_P04_-_published.xlsx:126,Over500_2026_P04_-_published.xlsx,126,2026-07-30,GLEN CLEANING COMPANY,general_procurement,Community Services,Premises,Cleaning,2026-07-30 13:43:57.997,901.77,Glen Cleaning Company Ltd
1000.0,Over500_2026_P04_-_published.xlsx:136,Over500_2026_P04_-_published.xlsx,136,2026-07-17,SOUTHERN MEDICAL,general_procurement,Adult Social Care,Premises,Cleaning,2026-07-17 09:46:32.627,933.91,SOUTHERN MEDICAL LTD
1000.0,Over500_2026_P04_-_published.xlsx:141,Over500_2026_P04_-_published.xlsx,141,2026-07-30,GLEN CLEANING COMPANY,general_procurement,Community Services,Premises,Cleaning,2026-07-30 13:43:57.997,901.77,Glen Cleaning Company Ltd
1000.0,Over500_2026_P04_-_published.xlsx:142,Over500_2026_P04_-_published.xlsx,142,2026-07-30,GLEN CLEANING COMPANY,general_procurement,Community Services,Premises,Cleaning,2026-07-30 13:53:33.730,901.77,Glen Cleaning Company Ltd
1000.0,Over500_2026_P04_-_published.xlsx:158,Over500_2026_P04_-_published.xlsx,158,2026-07-08,POTTINGER S HIRE SERVICE,general_procurement,Education & SEND,Transport,Transport Hire,2026-07-08 17:27:37.473,990.83,POTTINGER'S HIRE SERVICE
1000.0,Over500_2026_P04_-_published.xlsx:179,Over500_2026_P04_-_published.xlsx,179,2026-07-08,A1 CARS,general_procurement,Education & SEND,Transport,Transport Hire,2026-07-08 14:34:14.283,990.0,A1 CARS
1000.0,Over500_2026_P04_-_published.xlsx:241,Over500_2026_P04_-_published.xlsx,241,2026-07-14,EVM DIRECT,general_procurement,Environment,Transport,Direct Transport Costs,2026-07-14 14:56:07.753,905.34,EVM DIRECT LIMITED
1000.0,Over500_2026_P04_-_published.xlsx:242,Over500_2026_P04_-_published.xlsx,242,2026-07-15,RYGOR COMMERCIALS,general_procurement,Environment,Transport,Direct Transport Costs,2026-07-15 16:55:28.353,990.06,Rygor Commercials Ltd
1000.0,Over500_2026_P04_-_published.xlsx:282,Over500_2026_P04_-_published.xlsx,282,2026-07-29,MAISHA STAFFING SOLUTIONS,general_procurement,Children's Social Care,Transport,Transport Hire,2026-07-29 08:37:31.137,975.0,MAISHA STAFFING SOLUTIONS LTD
1000.0,Over500_2026_P04_-_published.xlsx:300,Over500_2026_P04_-_published.xlsx,300,2026-07-08,WEAVAWAY TRAVEL,general_procurement,Education & SEND,Transport,Transport Hire,2026-07-08 16:47:40.240,999.32,WEAVAWAY TRAVEL LTD
1000.0,Over500_2026_P04_-_published.xlsx:353,Over500_2026_P04_-_published.xlsx,353,2026-07-23,GO GREEN TAXIS,general_procurement,Children's Social Care,Supplies & Services,Public Transport,2026-07-23 09:47:31.900,962.6,Go Green Taxis Ltd
1000.0,Over500_2026_P04_-_published.xlsx:357,Over500_2026_P04_-_published.xlsx,357,2026-07-23,GO GREEN TAXIS,general_procurement,Children's Social Care,Supplies & Services,Public Transport,2026-07-23 09:47:31.900,962.6,Go Green Taxis Ltd
1000.0,Over500_2026_P04_-_published.xlsx:359,Over500_2026_P04_-_published.xlsx,359,2026-07-22,READING TRANSPORT,general_procurement,Education & SEND,Supplies & Services,Public Transport,2026-07-22 17:06:28.280,936.0,READING TRANSPORT LTD
1000.0,Over500_2026_P04_-_published.xlsx:380,Over500_2026_P04_-_published.xlsx,380,2026-07-27,CONNECT VENDING,general_procurement,"Finance, Property & Procurement",Premises,Corporate R&M,2026-07-27 18:02:49.017,975.0,CONNECT VENDING LTD
1000.0,Over500_2026_P04_-_published.xlsx:390,Over500_2026_P04_-_published.xlsx,390,2026-07-22,KB REAL ESTATE MANAGEMENT,premises_non_procurement,Development & Housing,Premises,Rents,2026-07-22 09:59:56.203,990.0,KB Real Estate Management Ltd
1000.0,Over500_2026_P04_-_published.xlsx:397,Over500_2026_P04_-_published.xlsx,397,2026-07-24,GLEN CLEANING COMPANY,general_procurement,Community Services,Premises,Cleaning,2026-07-24 09:36:25.903,930.63,Glen Cleaning Company Ltd
1000.0,Over500_2026_P04_-_published.xlsx:422,Over500_2026_P04_-_published.xlsx,422,2026-07-30,HSI FURNITURE,general_procurement,"Finance, Property & Procurement",Supplies & Services,Repairs - Equipment,2026-07-30 09:43:46.927,980.0,HSI FURNITURE
1000.0,Over500_2026_P04_-_published.xlsx:425,Over500_2026_P04_-_published.xlsx,425,2026-07-09,EUCLID,general_procurement,Environment,Supplies & Services,IT,2026-07-09 09:05:27.793,935.3,EUCLID LTD
1000.0,Over500_2026_P04_-_published.xlsx:432,Over500_2026_P04_-_published.xlsx,432,2026-07-29,MAISHA STAFFING SOLUTIONS,general_procurement,Children's Social Care,Transport,Transport Hire,2026-07-29 08:37:31.137,975.0,MAISHA STAFFING SOLUTIONS LTD
1000.0,Over500_2026_P04_-_published.xlsx:484,Over500_2026_P04_-_published.xlsx,484,2026-07-23,GO GREEN TAXIS,general_procurement,Children's Social Care,Supplies & Services,Public Transport,2026-07-23 09:47:31.900,962.6,Go Green Taxis Ltd
1000.0,Over500_2026_P04_-_published.xlsx:503,Over500_2026_P04_-_published.xlsx,503,2026-07-15,MELANIE SNEDDON,general_procurement,Environment,Supplies & Services,Training Third Parties,2026-07-15 13:35:32.397,912.5,Melanie Sneddon
1000.0,Over500_2026_P04_-_published.xlsx:535,Over500_2026_P04_-_published.xlsx,535,2026-07-16,BCJD,general_procurement,Adult Social Care,Supplies & Services,Professional Fees,2026-07-16 08:49:16.207,1000.0,BCJD Ltd
1000.0,Over500_2026_P04_-_published.xlsx:576,Over500_2026_P04_-_published.xlsx,576,2026-07-02,CHILDREY LITTLE DUCKS PRE SCHOOL,grant,Education (DSG Funded) & Other Education Grants,Supplies & Services,Grants,2026-07-02 17:27:10.963,1000.0,Childrey Little Ducks Pre-School
1000.0,Over500_2026_P04_-_published.xlsx:580,Over500_2026_P04_-_published.xlsx,580,2026-07-14,LADYBIRDS PRE SCHOOL,grant,Education (DSG Funded) & Other Education Grants,Supplies & Services,Grants,2026-07-14 10:06:34.857,1000.0,LADYBIRDS PRE-SCHOOL
1000.0,Over500_2026_P04_-_published.xlsx:597,Over500_2026_P04_-_published.xlsx,597,2026-07-30,ROADSIDE TECHNOLOGIES,general_procurement,Environment,Third Party Payments,Payment to contractor,2026-07-30 14:16:17.140,1000.0,Roadside Technologies Ltd
1000.0,Over500_2026_P04_-_published.xlsx:608,Over500_2026_P04_-_published.xlsx,608,2026-07-28,PRESTIGE NETWORK,general_procurement,Children's Social Care,Supplies & Services,Professional Fees,2026-07-28 10:24:38.883,969.0,PRESTIGE NETWORK
1000.0,Over500_2026_P04_-_published.xlsx:613,Over500_2026_P04_-_published.xlsx,613,2026-07-16,ALAN FULLER,general_procurement,Community Services,Supplies & Services,Professional Fees,2026-07-16 08:56:06.430,1000.0,ALAN FULLER
1000.0,Over500_2026_P04_-_published.xlsx:615,Over500_2026_P04_-_published.xlsx,615,2026-07-28,360 SECURITY AND SUPPORT SERVICES,general_procurement,Development & Housing,Supplies & Services,Professional Fees,2026-07-28 12:57:29.070,970.46,360 Security & Support Services Ltd
1000.0,Over500_2026_P04_-_published.xlsx:665,Over500_2026_P04_-_published.xlsx,665,2026-07-16,SPIRE RIDGE BOARDING KENNELS AND CATTERY,general_procurement,Adult Social Care,Supplies & Services,Animal welfare,2026-07-16 08:56:06.430,918.0,SPIRE RIDGE BOARDING KENNELS AND CATTERY
1000.0,Over500_2026_P04_-_published.xlsx:666,Over500_2026_P04_-_published.xlsx,666,2026-07-10,NEWBURY ACADEMY TRUST SPEENHAMLAND SCHOOL,grant,Education (DSG Funded) & Other Education Grants,Supplies & Services,Grants,2026-07-10 13:54:39.140,1000.0,Newbury Academy Trust Speenhamland School
1000.0,Over500_2026_P04_-_published.xlsx:703,Over500_2026_P04_-_published.xlsx,703,2026-07-03,JUBILEE DAY NURSERY,grant,Education (DSG Funded) & Other Education Grants,Supplies & Services,Grants,2026-07-03 09:37:15.177,1000.0,JUBILEE DAY NURSERY
1000.0,Over500_2026_P04_-_published.xlsx:764,Over500_2026_P04_-_published.xlsx,764,2026-07-02,KENNET VALLEY CATERPILLARS,grant,Education (DSG Funded) & Other Education Grants,Supplies & Services,Grants,2026-07-02 17:27:10.963,1000.0,KENNET VALLEY CATERPILLARS
1000.0,Over500_2026_P04_-_published.xlsx:765,Over500_2026_P04_-_published.xlsx,765,2026-07-03,ACORNS OPERATIONAL ACCOUNT,grant,Education (DSG Funded) & Other Education Grants,Supplies & Services,Grants,2026-07-03 09:17:13.190,1000.0,ACORNS OPERATIONAL ACCOUNT
1000.0,Over500_2026_P04_-_published.xlsx:820,Over500_2026_P04_-_published.xlsx,820,2026-07-02,WSP,general_procurement,Environment,Third Party Payments,Payment to contractor,2026-07-02 14:43:40.600,905.58,WSP UK  LTD
1000.0,Over500_2026_P04_-_published.xlsx:827,Over500_2026_P04_-_published.xlsx,827,2026-07-17,ARBTECH CONSULTING,general_procurement,Environment,Third Party Payments,Payment to contractor,2026-07-17 06:04:33.690,989.0,Arbtech Consulting Ltd
1000.0,Over500_2026_P04_-_published.xlsx:890,Over500_2026_P04_-_published.xlsx,890,2026-07-01,YOUR SERENITY,care_or_education_placement,Adult Social Care,Third Party Payments,Private Contractors,2026-07-01 11:03:57.340,956.36,Your Serenity Ltd
1000.0,Over500_2026_P04_-_published.xlsx:924,Over500_2026_P04_-_published.xlsx,924,2026-07-08,ABI SUPPORT,care_or_education_placement,Adult Social Care,Third Party Payments,Private Contractors,2026-07-08 10:43:22.513,933.57,Abi-support Ltd
1000.0,Over500_2026_P04_-_published.xlsx:929,Over500_2026_P04_-_published.xlsx,929,2026-07-08,YOUR SERENITY,care_or_education_placement,Adult Social Care,Third Party Payments,Private Contractors,2026-07-08 10:43:22.513,956.36,Your Serenity Ltd
1000.0,Over500_2026_P04_-_published.xlsx:951,Over500_2026_P04_-_published.xlsx,951,2026-07-15,GOLDCREST CARE SERVICES,care_or_education_placement,Adult Social Care,Third Party Payments,Private Contractors,2026-07-15 10:33:10.383,956.36,Goldcrest Care Services
1000.0,Over500_2026_P04_-_published.xlsx:1006,Over500_2026_P04_-_published.xlsx,1006,2026-07-14,BECKY TURNER,general_procurement,Adult Social Care,Supplies & Services,Professional Fees,2026-07-14 15:59:10.563,1000.0,Becky Turner
1000.0,Over500_2026_P04_-_published.xlsx:1007,Over500_2026_P04_-_published.xlsx,1007,2026-07-15,FAMILY FUTURES CONSORTIUM,general_procurement,Children's Social Care,Supplies & Services,Professional Fees,2026-07-15 16:35:33.743,990.0,FAMILY FUTURES CONSORTIUM CIC
1000.0,Over500_2026_P04_-_published.xlsx:1016,Over500_2026_P04_-_published.xlsx,1016,2026-07-31,ACCESS,general_procurement,Adult Social Care - Transformation Projects,Supplies & Services,Professional Fees,2026-07-31 10:24:44.597,950.0,ACCESS UK LIMITED
1000.0,Over500_2026_P04_-_published.xlsx:1131,Over500_2026_P04_-_published.xlsx,1131,2026-07-29,GCH,care_or_education_placement,Adult Social Care,Third Party Payments,Private Contractors,2026-07-29 11:34:52.340,1000.0,GCH (Alder) Ltd t/a Hungerford Care Home
1000.0,Over500_2026_P04_-_published.xlsx:1197,Over500_2026_P04_-_published.xlsx,1197,2026-07-01,PURESOUL CARE,care_or_education_placement,Adult Social Care,Third Party Payments,Private Contractors,2026-07-01 11:03:57.340,923.96,PureSoul Care Ltd
1000.0,Over500_2026_P04_-_published.xlsx:1235,Over500_2026_P04_-_published.xlsx,1235,2026-07-08,TOPLINE CARE SOLUTIONS,care_or_education_placement,Adult Social Care,Third Party Payments,Private Contractors,2026-07-08 10:43:22.513,956.36,Topline Care Solutions Ltd
1000.0,Over500_2026_P04_-_published.xlsx:1261,Over500_2026_P04_-_published.xlsx,1261,2026-07-02,BEANSHEAF COMMUNITY PRE SCHOO,grant,Education (DSG Funded) & Other Education Grants,Supplies & Services,Grants,2026-07-02 17:27:10.963,1000.0,BEANSHEAF COMMUNITY PRE-SCHOO
1000.0,Over500_2026_P04_-_published.xlsx:1263,Over500_2026_P04_-_published.xlsx,1263,2026-07-02,KENNET VALLEY CATERPILLARS,grant,Education (DSG Funded) & Other Education Grants,Supplies & Services,Grants,2026-07-02 17:27:10.963,1000.0,KENNET VALLEY CATERPILLARS
1000.0,Over500_2026_P04_-_published.xlsx:1265,Over500_2026_P04_-_published.xlsx,1265,2026-07-05,PASKAY,grant,Education (DSG Funded) & Other Education Grants,Supplies & Services,Grants,2026-07-05 16:43:39.747,1000.0,PASKAY LIMITED
1000.0,Over500_2026_P04_-_published.xlsx:1313,Over500_2026_P04_-_published.xlsx,1313,2026-07-08,COMFORT HARMONY CARE,care_or_education_placement,Adult Social Care,Third Party Payments,Private Contractors,2026-07-08 10:43:22.513,972.72,Comfort Harmony Care Ltd
1000.0,Over500_2026_P04_-_published.xlsx:1330,Over500_2026_P04_-_published.xlsx,1330,2026-07-08,WE ARE CARE COMPANY,care_or_education_placement,Adult Social Care,Third Party Payments,Private Contractors,2026-07-08 10:43:22.513,933.57,We Are The Care Company Ltd
1000.0,Over500_2026_P04_-_published.xlsx:1347,Over500_2026_P04_-_published.xlsx,1347,2026-07-08,ABI SUPPORT,care_or_education_placement,Adult Social Care,Third Party Payments,Private Contractors,2026-07-08 10:43:22.513,956.36,Abi-support Ltd
1000.0,Over500_2026_P04_-_published.xlsx:1391,Over500_2026_P04_-_published.xlsx,1391,2026-07-15,ETERNAL HOMECARE READING,care_or_education_placement,Adult Social Care,Third Party Payments,Private Contractors,2026-07-15 10:33:10.383,956.32,Eternal Homecare Reading
1000.0,Over500_2026_P04_-_published.xlsx:1392,Over500_2026_P04_-_published.xlsx,1392,2026-07-15,ETERNAL HOMECARE READING,care_or_education_placement,Adult Social Care,Third Party Payments,Private Contractors,2026-07-15 10:33:10.383,984.8,Eternal Homecare Reading
1000.0,Over500_2026_P04_-_published.xlsx:1393,Over500_2026_P04_-_published.xlsx,1393,2026-07-15,CAREMARK,care_or_education_placement,Adult Social Care,Third Party Payments,Private Contractors,2026-07-15 10:33:10.383,956.34,Caremark (West Berkshire & Reading)
1000.0,Over500_2026_P04_-_published.xlsx:1440,Over500_2026_P04_-_published.xlsx,1440,2026-07-15,BLOOMFIELD CARE,care_or_education_placement,Adult Social Care,Third Party Payments,Private Contractors,2026-07-15 10:33:10.383,955.36,Bloomfield Care Ltd
1000.0,Over500_2026_P04_-_published.xlsx:1460,Over500_2026_P04_-_published.xlsx,1460,2026-07-15,PURESOUL CARE,care_or_education_placement,Adult Social Care,Third Party Payments,Private Contractors,2026-07-15 10:33:10.383,913.12,PureSoul Care Ltd
1000.0,Over500_2026_P04_-_published.xlsx:1461,Over500_2026_P04_-_published.xlsx,1461,2026-07-15,PURESOUL CARE,care_or_education_placement,Adult Social Care,Third Party Payments,Private Contractors,2026-07-15 10:33:10.383,913.1,PureSoul Care Ltd
1000.0,Over500_2026_P04_-_published.xlsx:1475,Over500_2026_P04_-_published.xlsx,1475,2026-07-15,PURESOUL CARE,care_or_education_placement,Adult Social Care,Third Party Payments,Private Contractors,2026-07-15 10:33:10.383,913.08,PureSoul Care Ltd
1000.0,Over500_2026_P04_-_published.xlsx:1532,Over500_2026_P04_-_published.xlsx,1532,2026-07-17,WE ARE CARE COMPANY,care_or_education_placement,Adult Social Care,Third Party Payments,Private Contractors,2026-07-17 11:32:00.470,939.27,We Are The Care Company Ltd
1000.0,Over500_2026_P04_-_published.xlsx:1548,Over500_2026_P04_-_published.xlsx,1548,2026-07-29,CARE PARTNERS,care_or_education_placement,Adult Social Care,Third Party Payments,Private Contractors,2026-07-29 11:34:52.340,916.3,CARE PARTNERS (NEWBURY) LTD
1000.0,Over500_2026_P04_-_published.xlsx:1572,Over500_2026_P04_-_published.xlsx,1572,2026-07-15,WE ARE CARE COMPANY,care_or_education_placement,Adult Social Care,Third Party Payments,Private Contractors,2026-07-15 10:33:10.383,926.51,We Are The Care Company Ltd
1000.0,Over500_2026_P04_-_published.xlsx:1616,Over500_2026_P04_-_published.xlsx,1616,2026-07-29,NOUBLES HEALTHCARE,care_or_education_placement,Adult Social Care,Third Party Payments,Private Contractors,2026-07-29 11:34:52.340,956.36,Noubles Healthcare Ltd
1000.0,Over500_2026_P04_-_published.xlsx:1619,Over500_2026_P04_-_published.xlsx,1619,2026-07-29,YOUR SERENITY,care_or_education_placement,Adult Social Care,Third Party Payments,Private Contractors,2026-07-29 11:34:52.340,949.96,Your Serenity Ltd
1000.0,Over500_2026_P04_-_published.xlsx:1662,Over500_2026_P04_-_published.xlsx,1662,2026-07-29,TOPLINE CARE SOLUTIONS,care_or_education_placement,Adult Social Care,Third Party Payments,Private Contractors,2026-07-29 11:34:52.340,956.36,Topline Care Solutions Ltd
1000.0,Over500_2026_P04_-_published.xlsx:1665,Over500_2026_P04_-_published.xlsx,1665,2026-07-29,WE ARE CARE COMPANY,care_or_education_placement,Adult Social Care,Third Party Payments,Private Contractors,2026-07-29 11:34:52.340,950.66,We Are The Care Company Ltd
1000.0,Over500_2026_P04_-_published.xlsx:1672,Over500_2026_P04_-_published.xlsx,1672,2026-07-29,WE ARE CARE COMPANY,care_or_education_placement,Adult Social Care,Third Party Payments,Private Contractors,2026-07-29 11:34:52.340,984.81,We Are The Care Company Ltd
1000.0,Over500_2026_P04_-_published.xlsx:1679,Over500_2026_P04_-_published.xlsx,1679,2026-07-29,TOPLINE CARE SOLUTIONS,care_or_education_placement,Adult Social Care,Third Party Payments,Private Contractors,2026-07-29 11:34:52.340,956.36,Topline Care Solutions Ltd
1000.0,Over500_2026_P04_-_published.xlsx:1741,Over500_2026_P04_-_published.xlsx,1741,2026-07-29,WE ARE CARE COMPANY,care_or_education_placement,Adult Social Care,Third Party Payments,Private Contractors,2026-07-29 11:34:52.340,964.53,We Are The Care Company Ltd
1000.0,Over500_2026_P04_-_published.xlsx:1742,Over500_2026_P04_-_published.xlsx,1742,2026-07-29,WE ARE CARE COMPANY,care_or_education_placement,Adult Social Care,Third Party Payments,Private Contractors,2026-07-29 11:34:52.340,967.73,We Are The Care Company Ltd
1000.0,Over500_2026_P04_-_published.xlsx:1758,Over500_2026_P04_-_published.xlsx,1758,2026-07-08,ACORN HOME SUPPORT,care_or_education_placement,Adult Social Care,Third Party Payments,Private Contractors,2026-07-08 10:43:22.513,931.6,Acorn Home Support Ltd
1000.0,Over500_2026_P04_-_published.xlsx:1763,Over500_2026_P04_-_published.xlsx,1763,2026-07-29,HOUSING CARE 21,care_or_education_placement,Adult Social Care,Third Party Payments,Private Contractors,2026-07-29 11:34:52.340,939.22,HOUSING CARE 21
1000.0,Over500_2026_P04_-_published.xlsx:1764,Over500_2026_P04_-_published.xlsx,1764,2026-07-29,HOUSING CARE 21,care_or_education_placement,Adult Social Care,Third Party Payments,Private Contractors,2026-07-29 11:34:52.340,901.9,HOUSING CARE 21
1000.0,Over500_2026_P04_-_published.xlsx:1781,Over500_2026_P04_-_published.xlsx,1781,2026-07-01,GOLDCREST CARE SERVICES,care_or_education_placement,Adult Social Care,Third Party Payments,Private Contractors,2026-07-01 11:03:57.340,910.8,Goldcrest Care Services
1000.0,Over500_2026_P04_-_published.xlsx:1786,Over500_2026_P04_-_published.xlsx,1786,2026-07-29,ACORN HOME SUPPORT,care_or_education_placement,Adult Social Care,Third Party Payments,Private Contractors,2026-07-29 11:34:52.340,931.6,Acorn Home Support Ltd
1000.0,Over500_2026_P04_-_published.xlsx:1788,Over500_2026_P04_-_published.xlsx,1788,2026-07-15,GOLDCREST CARE SERVICES,care_or_education_placement,Adult Social Care,Third Party Payments,Private Contractors,2026-07-15 10:33:10.383,973.43,Goldcrest Care Services
1000.0,Over500_2026_P04_-_published.xlsx:1797,Over500_2026_P04_-_published.xlsx,1797,2026-07-29,ENIRO CARE,care_or_education_placement,Adult Social Care,Third Party Payments,Private Contractors,2026-07-29 11:34:52.340,956.36,Eniro Care Ltd
1000.0,Over500_2026_P04_-_published.xlsx:1816,Over500_2026_P04_-_published.xlsx,1816,2026-07-08,WE ARE CARE COMPANY,care_or_education_placement,Adult Social Care,Third Party Payments,Private Contractors,2026-07-08 10:43:22.513,944.98,We Are The Care Company Ltd
1000.0,Over500_2026_P04_-_published.xlsx:1857,Over500_2026_P04_-_published.xlsx,1857,2026-07-01,YOUR SERENITY,care_or_education_placement,Adult Social Care,Third Party Payments,Private Contractors,2026-07-01 11:03:57.340,949.96,Your Serenity Ltd
1000.0,Over500_2026_P04_-_published.xlsx:1859,Over500_2026_P04_-_published.xlsx,1859,2026-07-01,BLOOMFIELD CARE,care_or_education_placement,Adult Social Care,Third Party Payments,Private Contractors,2026-07-01 11:03:57.340,921.24,Bloomfield Care Ltd
1000.0,Over500_2026_P04_-_published.xlsx:1884,Over500_2026_P04_-_published.xlsx,1884,2026-07-29,WE ARE CARE COMPANY,care_or_education_placement,Adult Social Care,Third Party Payments,Private Contractors,2026-07-29 11:34:52.340,956.36,We Are The Care Company Ltd
1000.0,Over500_2026_P04_-_published.xlsx:1899,Over500_2026_P04_-_published.xlsx,1899,2026-07-15,ALL CARE,care_or_education_placement,Adult Social Care,Third Party Payments,Private Contractors,2026-07-15 10:33:10.383,944.97,All-Care (GB) Ltd
1000.0,Over500_2026_P04_-_published.xlsx:1900,Over500_2026_P04_-_published.xlsx,1900,2026-07-29,ALL CARE,care_or_education_placement,Adult Social Care,Third Party Payments,Private Contractors,2026-07-29 11:34:52.340,956.36,All-Care (GB) Ltd
1000.0,Over500_2026_P04_-_published.xlsx:1923,Over500_2026_P04_-_published.xlsx,1923,2026-07-08,BUPA CARE SERVICES,care_or_education_placement,Adult Social Care,Third Party Payments,Private Contractors,2026-07-08 10:43:22.513,989.29,BUPA Care Services
1000.0,Over500_2026_P04_-_published.xlsx:2015,Over500_2026_P04_-_published.xlsx,2015,2026-07-01,ADDRESS ENTERPRISE,care_or_education_placement,Adult Social Care,Third Party Payments,Private Contractors,2026-07-01 11:03:57.340,981.96,Address Enterprise Ltd
1000.0,Over500_2026_P04_-_published.xlsx:2016,Over500_2026_P04_-_published.xlsx,2016,2026-07-08,COMFORT HARMONY CARE,care_or_education_placement,Adult Social Care,Third Party Payments,Private Contractors,2026-07-08 10:43:22.513,956.36,Comfort Harmony Care Ltd
1000.0,Over500_2026_P04_-_published.xlsx:2034,Over500_2026_P04_-_published.xlsx,2034,2026-07-15,ADDRESS ENTERPRISE,care_or_education_placement,Adult Social Care,Third Party Payments,Private Contractors,2026-07-15 10:33:10.383,958.58,Address Enterprise Ltd
1000.0,Over500_2026_P04_-_published.xlsx:2043,Over500_2026_P04_-_published.xlsx,2043,2026-07-08,NOUBLES HEALTHCARE,care_or_education_placement,Adult Social Care,Third Party Payments,Private Contractors,2026-07-08 10:43:22.513,956.36,Noubles Healthcare Ltd
1000.0,Over500_2026_P04_-_published.xlsx:2047,Over500_2026_P04_-_published.xlsx,2047,2026-07-08,YOUR SERENITY,care_or_education_placement,Adult Social Care,Third Party Payments,Private Contractors,2026-07-08 10:43:22.513,949.96,Your Serenity Ltd
1000.0,Over500_2026_P04_-_published.xlsx:2063,Over500_2026_P04_-_published.xlsx,2063,2026-07-08,WE ARE CARE COMPANY,care_or_education_placement,Adult Social Care,Third Party Payments,Private Contractors,2026-07-08 10:43:22.513,922.18,We Are The Care Company Ltd
1000.0,Over500_2026_P04_-_published.xlsx:2064,Over500_2026_P04_-_published.xlsx,2064,2026-07-29,I V CARE,care_or_education_placement,Adult Social Care,Third Party Payments,Private Contractors,2026-07-29 11:34:52.340,910.8,I.V Care Limited t/a Good Oaks Home Care (Reading)
1000.0,Over500_2026_P04_-_published.xlsx:2093,Over500_2026_P04_-_published.xlsx,2093,2026-07-15,ALL CARE,care_or_education_placement,Adult Social Care,Third Party Payments,Private Contractors,2026-07-15 10:33:10.383,975.8,All-Care (GB) Ltd
1000.0,Over500_2026_P04_-_published.xlsx:2105,Over500_2026_P04_-_published.xlsx,2105,2026-07-29,ADDRESS ENTERPRISE,care_or_education_placement,Adult Social Care,Third Party Payments,Private Contractors,2026-07-29 11:34:52.340,981.96,Address Enterprise Ltd
1000.0,Over500_2026_P04_-_published.xlsx:2116,Over500_2026_P04_-_published.xlsx,2116,2026-07-29,COMFORT HARMONY CARE,care_or_education_placement,Adult Social Care,Third Party Payments,Private Contractors,2026-07-29 11:34:52.340,956.36,Comfort Harmony Care Ltd
1000.0,Over500_2026_P04_-_published.xlsx:2120,Over500_2026_P04_-_published.xlsx,2120,2026-07-29,I V CARE,care_or_education_placement,Adult Social Care,Third Party Payments,Private Contractors,2026-07-29 11:34:52.340,939.26,I.V Care Limited t/a Good Oaks Home Care (Reading)
1000.0,Over500_2026_P04_-_published.xlsx:2122,Over500_2026_P04_-_published.xlsx,2122,2026-07-29,ALL CARE,care_or_education_placement,Adult Social Care,Third Party Payments,Private Contractors,2026-07-29 11:34:52.340,956.36,All-Care (GB) Ltd
1000.0,Over500_2026_P04_-_published.xlsx:2151,Over500_2026_P04_-_published.xlsx,2151,2026-07-15,JOHAV CARE SUPPORT HEALTHCARE,care_or_education_placement,Adult Social Care,Third Party Payments,Private Contractors,2026-07-15 10:33:10.383,952.0,Johav Care support Healthcare Limited
1000.0,Over500_2026_P04_-_published.xlsx:2221,Over500_2026_P04_-_published.xlsx,2221,2026-07-29,JOHAV CARE SUPPORT HEALTHCARE,care_or_education_placement,Adult Social Care,Third Party Payments,Private Contractors,2026-07-29 11:34:52.340,952.0,Johav Care support Healthcare Limited
1000.0,Over500_2026_P04_-_published.xlsx:2277,Over500_2026_P04_-_published.xlsx,2277,2026-07-22,CARE HOME NEWBURY,care_or_education_placement,Adult Social Care,Third Party Payments,Private Contractors,2026-07-22 10:06:08.977,933.33,Care @ Home Newbury Ltd
1000.0,Over500_2026_P04_-_published.xlsx:2280,Over500_2026_P04_-_published.xlsx,2280,2026-07-29,BLOOMFIELD CARE,care_or_education_placement,Adult Social Care,Third Party Payments,Private Contractors,2026-07-29 11:34:52.340,921.06,Bloomfield Care Ltd
1000.0,Over500_2026_P04_-_published.xlsx:2325,Over500_2026_P04_-_published.xlsx,2325,2026-07-08,INDEPENDENCE WITH DIGNITY SUPPORT SERVICES,care_or_education_placement,Adult Social Care,Third Party Payments,Private Contractors,2026-07-08 10:43:22.513,916.72,INDEPENDENCE WITH DIGNITY SUPPORT SERVICES LTD
1000.0,Over500_2026_P04_-_published.xlsx:2378,Over500_2026_P04_-_published.xlsx,2378,2026-07-29,ALL CARE,care_or_education_placement,Adult Social Care,Third Party Payments,Private Contractors,2026-07-29 11:34:52.340,956.76,All-Care (GB) Ltd
1000.0,Over500_2026_P04_-_published.xlsx:2379,Over500_2026_P04_-_published.xlsx,2379,2026-07-29,ALL CARE,care_or_education_placement,Adult Social Care,Third Party Payments,Private Contractors,2026-07-29 11:34:52.340,940.1,All-Care (GB) Ltd
1000.0,Over500_2026_P04_-_published.xlsx:2404,Over500_2026_P04_-_published.xlsx,2404,2026-07-15,VOYAGE CARE,care_or_education_placement,Adult Social Care,Third Party Payments,Private Contractors,2026-07-15 10:33:10.383,906.72,VOYAGE CARE
1000.0,Over500_2026_P04_-_published.xlsx:2443,Over500_2026_P04_-_published.xlsx,2443,2026-07-15,CREATIVE SUPPORT,care_or_education_placement,Adult Social Care,Third Party Payments,Private Contractors,2026-07-15 10:33:10.383,923.52,CREATIVE SUPPORT
1000.0,Over500_2026_P04_-_published.xlsx:2452,Over500_2026_P04_-_published.xlsx,2452,2026-07-15,YUME PROJECT,care_or_education_placement,Adult Social Care,Third Party Payments,Private Contractors,2026-07-15 10:33:10.383,918.54,The Yume Project Ltd
1000.0,Over500_2026_P04_-_published.xlsx:2569,Over500_2026_P04_-_published.xlsx,2569,2026-07-29,FOCUS SUPPORT,care_or_education_placement,Adult Social Care,Third Party Payments,Private Contractors,2026-07-29 11:34:52.340,910.8,FOCUS SUPPORT LTD
1000.0,Over500_2026_P04_-_published.xlsx:2578,Over500_2026_P04_-_published.xlsx,2578,2026-07-29,INDEPENDENCE WITH DIGNITY SUPPORT SERVICES,care_or_education_placement,Adult Social Care,Third Party Payments,Private Contractors,2026-07-29 11:34:52.340,916.72,INDEPENDENCE WITH DIGNITY SUPPORT SERVICES LTD
1000.0,Over500_2026_P04_-_published.xlsx:2608,Over500_2026_P04_-_published.xlsx,2608,2026-07-29,CREATIVE SUPPORT,care_or_education_placement,Adult Social Care,Third Party Payments,Private Contractors,2026-07-29 11:34:52.340,923.52,CREATIVE SUPPORT
1000.0,Over500_2026_P04_-_published.xlsx:2613,Over500_2026_P04_-_published.xlsx,2613,2026-07-08,TRANSPARENT CARE,care_or_education_placement,Adult Social Care,Third Party Payments,Private Contractors,2026-07-08 10:43:22.513,933.48,Transparent Care Ltd
1000.0,Over500_2026_P04_-_published.xlsx:2614,Over500_2026_P04_-_published.xlsx,2614,2026-07-08,TRANSPARENT CARE,care_or_education_placement,Adult Social Care,Third Party Payments,Private Contractors,2026-07-08 10:43:22.513,933.48,Transparent Care Ltd
1000.0,Over500_2026_P04_-_published.xlsx:2616,Over500_2026_P04_-_published.xlsx,2616,2026-07-15,YUME PROJECT,care_or_education_placement,Adult Social Care,Third Party Payments,Private Contractors,2026-07-15 10:33:10.383,940.44,The Yume Project Ltd
1000.0,Over500_2026_P04_-_published.xlsx:2639,Over500_2026_P04_-_published.xlsx,2639,2026-07-15,YUME PROJECT,care_or_education_placement,Adult Social Care,Third Party Payments,Private Contractors,2026-07-15 10:33:10.383,940.44,The Yume Project Ltd
1000.0,Over500_2026_P04_-_published.xlsx:2651,Over500_2026_P04_-_published.xlsx,2651,2026-07-29,TOPLINE CARE SOLUTIONS,care_or_education_placement,Adult Social Care,Third Party Payments,Private Contractors,2026-07-29 11:34:52.340,910.81,Topline Care Solutions Ltd
1000.0,Over500_2026_P04_-_published.xlsx:2653,Over500_2026_P04_-_published.xlsx,2653,2026-07-08,ABI SUPPORT,care_or_education_placement,Adult Social Care,Third Party Payments,Private Contractors,2026-07-08 10:43:22.513,956.32,Abi-support Ltd
1000.0,Over500_2026_P04_-_published.xlsx:2654,Over500_2026_P04_-_published.xlsx,2654,2026-07-17,GOLDCREST CARE SERVICES,care_or_education_placement,Adult Social Care,Third Party Payments,Private Contractors,2026-07-17 11:32:00.470,996.18,Goldcrest Care Services
1000.0,Over500_2026_P04_-_published.xlsx:2655,Over500_2026_P04_-_published.xlsx,2655,2026-07-29,WE ARE CARE COMPANY,care_or_education_placement,Adult Social Care,Third Party Payments,Private Contractors,2026-07-29 11:34:52.340,984.81,We Are The Care Company Ltd
1000.0,Over500_2026_P04_-_published.xlsx:2722,Over500_2026_P04_-_published.xlsx,2722,2026-07-15,BEST PINNACLE CARE,care_or_education_placement,Adult Social Care,Third Party Payments,Private Contractors,2026-07-15 10:33:10.383,956.36,Best Pinnacle Care Ltd
1000.0,Over500_2026_P04_-_published.xlsx:2739,Over500_2026_P04_-_published.xlsx,2739,2026-07-29,BEST PINNACLE CARE,care_or_education_placement,Adult Social Care,Third Party Payments,Private Contractors,2026-07-29 11:34:52.340,956.36,Best Pinnacle Care Ltd
1000.0,Over500_2026_P04_-_published.xlsx:2744,Over500_2026_P04_-_published.xlsx,2744,2026-07-29,BEST PINNACLE CARE,care_or_education_placement,Adult Social Care,Third Party Payments,Private Contractors,2026-07-29 11:34:52.340,956.36,Best Pinnacle Care Ltd
1000.0,Over500_2026_P04_-_published.xlsx:2773,Over500_2026_P04_-_published.xlsx,2773,2026-07-08,COMFORT HARMONY CARE,care_or_education_placement,Adult Social Care,Third Party Payments,Private Contractors,2026-07-08 10:43:22.513,922.18,Comfort Harmony Care Ltd
1000.0,Over500_2026_P04_-_published.xlsx:2775,Over500_2026_P04_-_published.xlsx,2775,2026-07-29,COMFORT HARMONY CARE,care_or_education_placement,Adult Social Care,Third Party Payments,Private Contractors,2026-07-29 11:34:52.340,956.32,Comfort Harmony Care Ltd
1000.0,Over500_2026_P04_-_published.xlsx:2791,Over500_2026_P04_-_published.xlsx,2791,2026-07-15,JC99,care_or_education_placement,Adult Social Care,Third Party Payments,Private Contractors,2026-07-15 10:33:10.383,909.19,JC99 Ltd T/A Visiting Angels
1000.0,Over500_2026_P04_-_published.xlsx:2801,Over500_2026_P04_-_published.xlsx,2801,2026-07-01,I V CARE,care_or_education_placement,Adult Social Care,Third Party Payments,Private Contractors,2026-07-01 11:03:57.340,910.8,I.V Care Limited t/a Good Oaks Home Care (Reading)
1000.0,Over500_2026_P04_-_published.xlsx:2803,Over500_2026_P04_-_published.xlsx,2803,2026-07-08,WE ARE CARE COMPANY,care_or_education_placement,Adult Social Care,Third Party Payments,Private Contractors,2026-07-08 10:43:22.513,999.6,We Are The Care Company Ltd
1000.0,Over500_2026_P04_-_published.xlsx:2810,Over500_2026_P04_-_published.xlsx,2810,2026-07-15,ABI SUPPORT,care_or_education_placement,Adult Social Care,Third Party Payments,Private Contractors,2026-07-15 10:33:10.383,910.81,Abi-support Ltd
1000.0,Over500_2026_P04_-_published.xlsx:2813,Over500_2026_P04_-_published.xlsx,2813,2026-07-29,WE ARE CARE COMPANY,care_or_education_placement,Adult Social Care,Third Party Payments,Private Contractors,2026-07-29 11:34:52.340,999.6,We Are The Care Company Ltd
1000.0,Over500_2026_P04_-_published.xlsx:2923,Over500_2026_P04_-_published.xlsx,2923,2026-07-17,APEX PRIME CARE,care_or_education_placement,Adult Social Care,Third Party Payments,Private Contractors,2026-07-17 11:32:00.470,938.08,Apex Prime Care Ltd
1000.0,Over500_2026_P04_-_published.xlsx:3115,Over500_2026_P04_-_published.xlsx,3115,2026-07-23,STEP BY STEP PARTNERSHIP,care_or_education_placement,Children's Social Care,Third Party Payments,Private Contractors,2026-07-23 08:49:34.800,938.4,STEP BY STEP PARTNERSHIP LTD
1000.0,Over500_2026_P04_-_published.xlsx:3116,Over500_2026_P04_-_published.xlsx,3116,2026-07-23,STEP BY STEP PARTNERSHIP,care_or_education_placement,Children's Social Care,Third Party Payments,Private Contractors,2026-07-23 09:27:20.270,938.4,STEP BY STEP PARTNERSHIP LTD
1000.0,Over500_2026_P04_-_published.xlsx:3145,Over500_2026_P04_-_published.xlsx,3145,2026-07-01,NEXT STEP SERVICES,care_or_education_placement,Children's Social Care,Third Party Payments,Private Contractors,2026-07-01 16:44:06.493,973.35,Next Step Services
1000.0,Over500_2026_P04_-_published.xlsx:3149,Over500_2026_P04_-_published.xlsx,3149,2026-07-29,AFFINITY TRUST SUPPORT,care_or_education_placement,Adult Social Care,Third Party Payments,Private Contractors,2026-07-29 11:34:52.340,967.12,Affinity Trust Support Ltd
1000.0,Over500_2026_P04_-_published.xlsx:3205,Over500_2026_P04_-_published.xlsx,3205,2026-07-22,STEP BY STEP PARTNERSHIP,care_or_education_placement,Children's Social Care,Third Party Payments,Private Contractors,2026-07-22 17:19:36.513,938.4,STEP BY STEP PARTNERSHIP LTD
1000.0,Over500_2026_P04_-_published.xlsx:3223,Over500_2026_P04_-_published.xlsx,3223,2026-07-22,STEP BY STEP PARTNERSHIP,care_or_education_placement,Children's Social Care,Third Party Payments,Private Contractors,2026-07-22 17:25:35.037,938.4,STEP BY STEP PARTNERSHIP LTD
1000.0,Over500_2026_P04_-_published.xlsx:3224,Over500_2026_P04_-_published.xlsx,3224,2026-07-22,STEP BY STEP PARTNERSHIP,care_or_education_placement,Children's Social Care,Third Party Payments,Private Contractors,2026-07-22 17:25:35.037,938.4,STEP BY STEP PARTNERSHIP LTD
1000.0,Over500_2026_P04_-_published.xlsx:3290,Over500_2026_P04_-_published.xlsx,3290,2026-07-16,MANOR PRIMARY SCHOOL,care_or_education_placement,Education (DSG Funded) & Other Education Grants,Third Party Payments,Other agencies,2026-07-16 08:36:26.097,905.33,Manor Primary School
1000.0,Over500_2026_P04_-_published.xlsx:3558,Over500_2026_P04_-_published.xlsx,3558,2026-07-15,INTERAKT COMMUNITY,care_or_education_placement,Adult Social Care,Third Party Payments,Private Contractors,2026-07-15 10:33:10.383,967.13,Interakt Community Limited
1000.0,Over500_2026_P04_-_published.xlsx:3628,Over500_2026_P04_-_published.xlsx,3628,2026-07-15,BEST PINNACLE CARE,care_or_education_placement,Adult Social Care,Third Party Payments,Private Contractors,2026-07-15 10:33:10.383,956.36,Best Pinnacle Care Ltd
1000.0,Over500_2026_P04_-_published.xlsx:3773,Over500_2026_P04_-_published.xlsx,3773,2026-07-22,STEP BY STEP PARTNERSHIP,care_or_education_placement,Children's Social Care,Third Party Payments,Private Contractors,2026-07-22 16:47:06.253,938.4,STEP BY STEP PARTNERSHIP LTD
1000.0,Over500_2026_P04_-_published.xlsx:3774,Over500_2026_P04_-_published.xlsx,3774,2026-07-23,STEP BY STEP PARTNERSHIP,care_or_education_placement,Children's Social Care,Third Party Payments,Private Contractors,2026-07-23 09:47:31.900,938.4,STEP BY STEP PARTNERSHIP LTD
1000.0,Over500_2026_P04_-_published.xlsx:3779,Over500_2026_P04_-_published.xlsx,3779,2026-07-23,STEP BY STEP PARTNERSHIP,care_or_education_placement,Children's Social Care,Third Party Payments,Private Contractors,2026-07-23 09:37:19.667,938.4,STEP BY STEP PARTNERSHIP LTD
1000.0,Over500_2026_P04_-_published.xlsx:3787,Over500_2026_P04_-_published.xlsx,3787,2026-07-15,VOLKERHIGHWAYS,general_procurement,Environment,Third Party Payments,Private Contractors,2026-07-15 16:55:28.353,1000.0,VolkerHighways Ltd
1000.0,Over500_2026_P04_-_published.xlsx:3803,Over500_2026_P04_-_published.xlsx,3803,2026-07-16,YOUNG GIANTS,care_or_education_placement,Education (DSG Funded) & Other Education Grants,Third Party Payments,Other agencies,2026-07-16 09:25:56.477,973.0,Young Giants Ltd.
1000.0,Over500_2026_P04_-_published.xlsx:3804,Over500_2026_P04_-_published.xlsx,3804,2026-07-16,YOUNG GIANTS,care_or_education_placement,Education (DSG Funded) & Other Education Grants,Third Party Payments,Other agencies,2026-07-16 09:29:18.810,912.0,Young Giants Ltd.
1000.0,Over500_2026_P04_-_published.xlsx:4165,Over500_2026_P04_-_published.xlsx,4165,2026-07-08,DWP DEBT MANAGEMENT,general_procurement,Finance,,Court Order Control,2026-07-08 13:07:38.063,902.16,DWP DEBT MANAGEMENT
25000.0,Over500_2026_P02_-_published.xlsx:530,Over500_2026_P02_-_published.xlsx,530,2026-05-27,ELIOR,general_procurement,Adult Social Care,Supplies & Services,Catering,2026-05-27 12:56:02.700,23694.03,Elior UK PLC
25000.0,Over500_2026_P02_-_published.xlsx:560,Over500_2026_P02_-_published.xlsx,560,2026-05-12,DEVCOMMS SOUTH EAST,general_procurement,Development & Housing,Supplies & Services,Professional Fees,2026-05-12 13:16:19.520,24227.07,DevComms South East Ltd
25000.0,Over500_2026_P02_-_published.xlsx:2021,Over500_2026_P02_-_published.xlsx,2021,2026-05-01,CARE SERVICES TO YOU,care_or_education_placement,Children's Social Care,Third Party Payments,Private Contractors,2026-05-01 11:37:59.327,23989.77,Care Services To You
25000.0,Over500_2026_P02_-_published.xlsx:2033,Over500_2026_P02_-_published.xlsx,2033,2026-05-12,CARE SERVICES TO YOU,care_or_education_placement,Children's Social Care,Third Party Payments,Private Contractors,2026-05-12 13:59:46.577,23989.77,Care Services To You
25000.0,Over500_2026_P02_-_published.xlsx:2037,Over500_2026_P02_-_published.xlsx,2037,2026-05-13,CARE SERVICES TO YOU,care_or_education_placement,Children's Social Care,Third Party Payments,Private Contractors,2026-05-13 14:30:26.577,23989.77,Care Services To You
25000.0,Over500_2026_P02_-_published.xlsx:2096,Over500_2026_P02_-_published.xlsx,2096,2026-05-26,CARE SERVICES TO YOU,care_or_education_placement,Children's Social Care,Third Party Payments,Private Contractors,2026-05-26 13:22:24.707,23989.77,Care Services To You
25000.0,Over500_2026_P02_-_published.xlsx:2201,Over500_2026_P02_-_published.xlsx,2201,2026-05-15,WOKINGHAM BOROUGH COUNCIL,general_procurement,"Finance, Property & Procurement",Third Party Payments,Private Contractors,2026-05-15 16:09:53.067,24416.73,WOKINGHAM BOROUGH COUNCIL
25000.0,Over500_2026_P02_-_published.xlsx:2241,Over500_2026_P02_-_published.xlsx,2241,2026-05-12,SUKHBIR SINGH AND HARVINDER SINGH,care_or_education_placement,Education (DSG Funded) & Other Education Grants,Third Party Payments,Other agencies,2026-05-12 15:16:14.937,24618.75,Sukhbir Singh and Harvinder Singh T/A Calcot Services for Children (CSFC)
25000.0,Over500_2026_P02_-_published.xlsx:2245,Over500_2026_P02_-_published.xlsx,2245,2026-05-19,PHOENIX CHILD CARE GRANGE SCHOOL,care_or_education_placement,Education (DSG Funded) & Other Education Grants,Third Party Payments,Other agencies,2026-05-19 16:50:07.487,23210.0,Phoenix Child Care Limited -The Grange School
25000.0,Over500_2026_P02_-_published.xlsx:2258,Over500_2026_P02_-_published.xlsx,2258,2026-05-20,PHOENIX CHILD CARE GRANGE SCHOOL,care_or_education_placement,Education (DSG Funded) & Other Education Grants,Third Party Payments,Other agencies,2026-05-20 13:07:03.390,23210.0,Phoenix Child Care Limited -The Grange School
25000.0,Over500_2026_P02_-_published.xlsx:2259,Over500_2026_P02_-_published.xlsx,2259,2026-05-20,PHOENIX CHILD CARE GRANGE SCHOOL,care_or_education_placement,Education (DSG Funded) & Other Education Grants,Third Party Payments,Other agencies,2026-05-20 13:10:26.200,23076.67,Phoenix Child Care Limited -The Grange School
25000.0,Over500_2026_P02_-_published.xlsx:2262,Over500_2026_P02_-_published.xlsx,2262,2026-05-21,PHOENIX CHILD CARE GRANGE SCHOOL,care_or_education_placement,Education (DSG Funded) & Other Education Grants,Third Party Payments,Other agencies,2026-05-21 08:40:19.987,23210.0,Phoenix Child Care Limited -The Grange School
25000.0,Over500_2026_P02_-_published.xlsx:2265,Over500_2026_P02_-_published.xlsx,2265,2026-05-22,ACORN CARE AND EDUCATION,care_or_education_placement,Education (DSG Funded) & Other Education Grants,Third Party Payments,Other agencies,2026-05-22 17:02:15.800,24578.67,ACORN CARE & EDUCATION LTD
25000.0,Over500_2026_P02_-_published.xlsx:2268,Over500_2026_P02_-_published.xlsx,2268,2026-05-26,HUCKLEBERRY HOUSE,care_or_education_placement,Education (DSG Funded) & Other Education Grants,Third Party Payments,Other agencies,2026-05-26 11:52:06.643,24453.39,Huckleberry House
25000.0,Over500_2026_P02_-_published.xlsx:2271,Over500_2026_P02_-_published.xlsx,2271,2026-05-26,ACORN CARE AND EDUCATION,care_or_education_placement,Education (DSG Funded) & Other Education Grants,Third Party Payments,Other agencies,2026-05-26 14:45:42.510,24110.58,ACORN CARE & EDUCATION LTD
25000.0,Over500_2026_P03_-_published.xlsx:13,Over500_2026_P03_-_published.xlsx,13,2026-06-01,BETTER GROUP,general_procurement,Children's Social Care,Employees,Training,2026-06-01 16:04:46.123,24088.98,The Better Group Ltd
25000.0,Over500_2026_P03_-_published.xlsx:105,Over500_2026_P03_-_published.xlsx,105,2026-06-09,READING WEST APARTHOTEL,premises_non_procurement,Development & Housing,Premises,Rents,2026-06-09 12:29:06.173,23660.0,READING WEST APARTHOTEL
25000.0,Over500_2026_P03_-_published.xlsx:396,Over500_2026_P03_-_published.xlsx,396,2026-06-10,BOOKINGLAB,general_procurement,"Transformation, Customer & ICT",Supplies & Services,IT,2026-06-10 11:29:10.023,24000.0,BookingLab Limited
25000.0,Over500_2026_P03_-_published.xlsx:440,Over500_2026_P03_-_published.xlsx,440,2026-06-16,ELIOR,general_procurement,Adult Social Care,Supplies & Services,Catering,2026-06-16 13:25:27.470,23516.69,Elior UK PLC
25000.0,Over500_2026_P03_-_published.xlsx:506,Over500_2026_P03_-_published.xlsx,506,2026-06-17,MINI OAKS PRESCHOOL,grant,Education (DSG Funded) & Other Education Grants,Supplies & Services,Grants,2026-06-17 10:43:51.317,22882.17,MINI OAKS PRESCHOOL
25000.0,Over500_2026_P03_-_published.xlsx:601,Over500_2026_P03_-_published.xlsx,601,2026-06-17,PIED PIPER PRE SCHOOL,grant,Education (DSG Funded) & Other Education Grants,Supplies & Services,Grants,2026-06-17 10:43:51.317,23073.34,PIED PIPER PRE-SCHOOL
25000.0,Over500_2026_P03_-_published.xlsx:649,Over500_2026_P03_-_published.xlsx,649,2026-06-18,TRIPLE VALUE IMPACT,general_procurement,Chief Executive,Supplies & Services,General Expenses,2026-06-18 08:41:59.737,24244.0,Triple Value Impact
25000.0,Over500_2026_P03_-_published.xlsx:683,Over500_2026_P03_-_published.xlsx,683,2026-06-08,VOLKERHIGHWAYS,general_procurement,Environment,Third Party Payments,Payment to contractor,2026-06-08 15:19:01.680,23591.22,VolkerHighways Ltd
25000.0,Over500_2026_P03_-_published.xlsx:1660,Over500_2026_P03_-_published.xlsx,1660,2026-06-24,FOCUS SUPPORT,care_or_education_placement,Adult Social Care,Third Party Payments,Private Contractors,2026-06-24 10:35:07.460,24719.02,FOCUS SUPPORT LTD
25000.0,Over500_2026_P03_-_published.xlsx:1833,Over500_2026_P03_-_published.xlsx,1833,2026-06-24,FOCUS SUPPORT,care_or_education_placement,Adult Social Care,Third Party Payments,Private Contractors,2026-06-24 10:35:07.460,23053.87,FOCUS SUPPORT LTD
25000.0,Over500_2026_P03_-_published.xlsx:1931,Over500_2026_P03_-_published.xlsx,1931,2026-06-16,CARE SERVICES TO YOU,care_or_education_placement,Children's Social Care,Third Party Payments,Private Contractors,2026-06-16 12:56:32.340,23989.77,Care Services To You
25000.0,Over500_2026_P03_-_published.xlsx:2004,Over500_2026_P03_-_published.xlsx,2004,2026-06-03,CARE SERVICES TO YOU,care_or_education_placement,Children's Social Care,Third Party Payments,Private Contractors,2026-06-03 10:15:15.200,23989.77,Care Services To You
25000.0,Over500_2026_P03_-_published.xlsx:2008,Over500_2026_P03_-_published.xlsx,2008,2026-06-16,CARE SERVICES TO YOU,care_or_education_placement,Children's Social Care,Third Party Payments,Private Contractors,2026-06-16 12:49:40.840,23989.77,Care Services To You
25000.0,Over500_2026_P03_-_published.xlsx:2056,Over500_2026_P03_-_published.xlsx,2056,2026-06-17,CHARMAINE CAULFIELD,grant,Education (DSG Funded) & Other Education Grants,Supplies & Services,Grants,2026-06-17 10:43:51.317,24850.39,CHARMAINE CAULFIELD
25000.0,Over500_2026_P03_-_published.xlsx:2074,Over500_2026_P03_-_published.xlsx,2074,2026-06-17,BEANSHEAF COMMUNITY PRE SCHOO,grant,Education (DSG Funded) & Other Education Grants,Supplies & Services,Grants,2026-06-17 10:43:51.317,24705.36,BEANSHEAF COMMUNITY PRE-SCHOO
25000.0,Over500_2026_P03_-_published.xlsx:2106,Over500_2026_P03_-_published.xlsx,2106,2026-06-30,UNITY RESIDENTIAL CARE SERVICES,care_or_education_placement,Children's Social Care,Third Party Payments,Private Contractors,2026-06-30 10:03:42.140,24587.49,Unity Residential Care Services
25000.0,Over500_2026_P03_-_published.xlsx:2206,Over500_2026_P03_-_published.xlsx,2206,2026-06-17,ACORN CARE AND EDUCATION,care_or_education_placement,Education (DSG Funded) & Other Education Grants,Third Party Payments,Other agencies,2026-06-17 16:15:39.177,22616.72,ACORN CARE & EDUCATION LTD
25000.0,Over500_2026_P03_-_published.xlsx:2307,Over500_2026_P03_-_published.xlsx,2307,2026-06-03,SUKHBIR SINGH AND HARVINDER SINGH,care_or_education_placement,Education (DSG Funded) & Other Education Grants,Third Party Payments,Other agencies,2026-06-03 10:28:37.203,24788.75,Sukhbir Singh and Harvinder Singh T/A Calcot Services for Children (CSFC)
25000.0,Over500_2026_P03_-_published.xlsx:3044,Over500_2026_P03_-_published.xlsx,3044,2026-06-22,CARE SERVICES TO YOU,care_or_education_placement,Children's Social Care,Third Party Payments,Private Contractors,2026-06-22 12:16:05.430,23989.77,Care Services To You
25000.0,Over500_2026_P04_-_published.xlsx:533,Over500_2026_P04_-_published.xlsx,533,2026-07-28,ELIOR,general_procurement,Adult Social Care,Supplies & Services,Catering,2026-07-28 12:57:29.070,23173.08,Elior UK PLC
25000.0,Over500_2026_P04_-_published.xlsx:1271,Over500_2026_P04_-_published.xlsx,1271,2026-07-06,WEST BERKSHIRE TRAINING CONSORTIUM,grant,Education & SEND,Supplies & Services,Grants,2026-07-06 13:13:53.243,22963.98,WEST BERKSHIRE TRAINING CONSORTIUM
25000.0,Over500_2026_P04_-_published.xlsx:1281,Over500_2026_P04_-_published.xlsx,1281,2026-07-29,BETTER GROUP,general_procurement,Adult Social Care,Third Party Payments,Payment to contractor,2026-07-29 13:44:13.470,24476.02,The Better Group Ltd
25000.0,Over500_2026_P04_-_published.xlsx:2239,Over500_2026_P04_-_published.xlsx,2239,2026-07-01,AFFINITY TRUST SUPPORT,care_or_education_placement,Adult Social Care,Third Party Payments,Private Contractors,2026-07-01 11:03:57.340,24926.0,Affinity Trust Support Ltd
25000.0,Over500_2026_P04_-_published.xlsx:2262,Over500_2026_P04_-_published.xlsx,2262,2026-07-01,BLEEP 360 CARE,care_or_education_placement,Adult Social Care,Third Party Payments,Private Contractors,2026-07-01 11:03:57.340,22849.04,Bleep 360 Care Limited
25000.0,Over500_2026_P04_-_published.xlsx:3059,Over500_2026_P04_-_published.xlsx,3059,2026-07-09,UTOPIA SUPPORTED HOUSING,care_or_education_placement,Children's Social Care,Third Party Payments,Private Contractors,2026-07-09 08:37:40.320,24383.88,Utopia Supported Housing Ltd
25000.0,Over500_2026_P04_-_published.xlsx:3092,Over500_2026_P04_-_published.xlsx,3092,2026-07-23,CARE SERVICES TO YOU,care_or_education_placement,Children's Social Care,Third Party Payments,Private Contractors,2026-07-23 16:07:49.550,23989.77,Care Services To You
25000.0,Over500_2026_P04_-_published.xlsx:3154,Over500_2026_P04_-_published.xlsx,3154,2026-07-06,CARE SERVICES TO YOU,care_or_education_placement,Children's Social Care,Third Party Payments,Private Contractors,2026-07-06 16:34:11.053,23989.77,Care Services To You
25000.0,Over500_2026_P04_-_published.xlsx:3161,Over500_2026_P04_-_published.xlsx,3161,2026-07-23,CARE SERVICES TO YOU,care_or_education_placement,Children's Social Care,Third Party Payments,Private Contractors,2026-07-23 16:16:19.610,23989.77,Care Services To You
25000.0,Over500_2026_P04_-_published.xlsx:3165,Over500_2026_P04_-_published.xlsx,3165,2026-07-31,CARE SERVICES TO YOU,care_or_education_placement,Children's Social Care,Third Party Payments,Private Contractors,2026-07-31 10:53:47.473,23989.77,Care Services To You
25000.0,Over500_2026_P04_-_published.xlsx:3743,Over500_2026_P04_-_published.xlsx,3743,2026-07-01,CARE SERVICES TO YOU,care_or_education_placement,Children's Social Care,Third Party Payments,Private Contractors,2026-07-01 14:27:13.577,23989.77,Care Services To You
25000.0,Over500_2026_P04_-_published.xlsx:3750,Over500_2026_P04_-_published.xlsx,3750,2026-07-17,CARE SERVICES TO YOU,care_or_education_placement,Children's Social Care,Third Party Payments,Private Contractors,2026-07-17 08:39:32.373,23989.77,Care Services To You
